Time, Solar house 1.Inverter.P, ESS.Inverter.P, ESS.Lithium Batteries.Li Cells Series 1.SOC, Solar house 2.Inverter.P, ESS.Inverter.Controller.Pref, Solar house 2.Inverter.Controller.Pref
0.0, 652.5262451171875, 6718.92041015625, 0.4999964237213135, 652.56640625, 7000.0, 1000.0
0.25, 163.71107482910156, 6688.41162109375, 0.49998706579208374, 164.06419372558594, 7000.0, 1000.0
0.5, 1064.2442626953125, 6730.4189453125, 0.49997830390930176, 1064.54248046875, 7000.0, 1000.0
0.75, 1334.89599609375, 6885.44384765625, 0.49996939301490784, 1334.859375, 7000.0, 1000.0
1.0, 1109.1474609375, 6958.0673828125, 0.49996036291122437, 1109.08251953125, 7000.0, 1000.0
1.25, 1025.4647216796875, 6988.869140625, 0.4999513030052185, 1025.4356689453125, 7000.0, 1000.0
1.5, 1031.973876953125, 6998.6669921875, 0.49994224309921265, 1031.8160400390625, 7000.0, 1000.0
1.75, 1035.430419921875, 6997.529296875, 0.49993306398391724, 1035.385498046875, 7000.0, 1000.0
2.0, 1030.3529052734375, 6998.1025390625, 0.4999240040779114, 1030.2060546875, 7000.0, 1000.0
2.25, 1025.0538330078125, 6998.5595703125, 0.4999149441719055, 1025.13134765625, 7000.0, 1000.0
2.5, 1022.0750122070312, 6998.9541015625, 0.4999058246612549, 1022.195068359375, 7000.0, 1000.0
2.75, 1017.76611328125, 7013.84619140625, 0.4998966455459595, 1047.392822265625, 8000.0, 2000.0
3.0, 1015.3618774414062, 7732.8984375, 0.4998873174190521, 1741.033203125, 8000.0, 2000.0
3.25, 1014.4342651367188, 8055.544921875, 0.49987706542015076, 2115.9306640625, 8000.0, 2000.0
3.5, 1012.62451171875, 7934.68310546875, 0.49986693263053894, 2141.224365234375, 8000.0, 2000.0
3.75, 1063.47216796875, 8031.568359375, 0.49985674023628235, 2014.327880859375, 8000.0, 2000.0
4.0, 1750.39306640625, 7992.89111328125, 0.499846488237381, 1978.600341796875, 8000.0, 2000.0
4.25, 2115.732666015625, 8001.64501953125, 0.499836266040802, 2004.594482421875, 8000.0, 2000.0
4.5, 2132.895751953125, 8002.29833984375, 0.499826043844223, 2016.6109619140625, 8000.0, 2000.0
4.75, 2006.5794677734375, 8001.935546875, 0.49981576204299927, 2010.2333984375, 8000.0, 2000.0
5.0, 1976.4403076171875, 8002.908203125, 0.49980562925338745, 2004.9903564453125, 8000.0, 2000.0
5.25, 2002.115966796875, 8001.5087890625, 0.49979540705680847, 2004.10986328125, 8000.0, 2000.0
5.5, 2013.5721435546875, 7998.81787109375, 0.4997852146625519, 2004.6910400390625, 8000.0, 2000.0
5.75, 2009.1392822265625, 7995.140625, 0.4997749328613281, 2005.029052734375, 8000.0, 2000.0
6.0, 2004.942626953125, 7996.62353515625, 0.4997647702693939, 2004.876708984375, 8000.0, 2000.0
6.25, 2004.545654296875, 8000.40234375, 0.49975457787513733, 2004.333251953125, 8000.0, 2000.0
6.5, 2004.142333984375, 8003.41943359375, 0.49974438548088074, 2003.145751953125, 8000.0, 2000.0
6.75, 2003.1368408203125, 7963.107421875, 0.49973416328430176, 2083.09521484375, 6000.0, 2640.0
7.0, 2002.4212646484375, 6246.765625, 0.4997253119945526, 2494.41162109375, 6000.0, 2640.0
7.25, 2002.5596923828125, 6084.54443359375, 0.4997173845767975, 2752.850830078125, 6000.0, 2640.0
7.5, 2003.0030517578125, 6013.63720703125, 0.4997096359729767, 2721.8603515625, 6000.0, 2640.0
7.75, 2003.5103759765625, 6003.0771484375, 0.49970200657844543, 2604.0947265625, 6000.0, 2640.0
8.0, 2003.34326171875, 6001.3125, 0.49969446659088135, 2600.451904296875, 6000.0, 2640.0
8.25, 2001.5867919921875, 6000.10791015625, 0.49968692660331726, 2649.622314453125, 6000.0, 2640.0
8.5, 2001.3173828125, 5999.81494140625, 0.4996793866157532, 2651.697021484375, 6000.0, 2640.0
8.75, 2108.86376953125, 5998.45068359375, 0.4996718466281891, 2629.868408203125, 6000.0, 2640.0
9.0, 2505.651123046875, 5998.51904296875, 0.4996643364429474, 2630.338623046875, 6000.0, 2640.0
9.25, 2757.2685546875, 5998.72900390625, 0.4996568262577057, 2641.744140625, 6000.0, 2640.0
9.5, 2717.015625, 6000.18310546875, 0.4996492266654968, 2643.037109375, 6000.0, 2640.0
9.75, 2599.39892578125, 5998.23095703125, 0.4996415972709656, 2637.5244140625, 6000.0, 2640.0
10.0, 2601.495361328125, 5998.19873046875, 0.4996340572834015, 2638.24072265625, 6000.0, 2640.0
10.25, 2652.0703125, 5998.9140625, 0.4996265470981598, 2640.62890625, 6000.0, 2640.0
10.5, 2652.021484375, 6000.52001953125, 0.4996189475059509, 2641.502685546875, 6000.0, 2640.0
10.75, 2628.68798828125, 5814.6943359375, 0.49961143732070923, 2464.15673828125, 5000.0, 1930.0
11.0, 2629.508544921875, 5124.6171875, 0.4996047914028168, 2036.6761474609375, 5000.0, 1930.0
11.25, 2641.839599609375, 5023.31591796875, 0.4995984137058258, 1806.752197265625, 5000.0, 1930.0
11.5, 2642.42431640625, 5004.8720703125, 0.4995920956134796, 1856.613037109375, 5000.0, 1930.0
11.75, 2636.77783203125, 5001.20068359375, 0.4995857775211334, 1941.3355712890625, 5000.0, 1930.0
12.0, 2636.946533203125, 5001.572265625, 0.4995795786380768, 1945.453369140625, 5000.0, 1930.0
12.25, 2640.789794921875, 5001.59033203125, 0.4995732605457306, 1927.4227294921875, 5000.0, 1930.0
12.5, 2641.473876953125, 5002.19482421875, 0.4995670020580292, 1924.4005126953125, 5000.0, 1930.0
12.75, 2639.1015625, 5000.23291015625, 0.49956071376800537, 1926.959228515625, 5000.0, 1930.0
13.0, 2639.3642578125, 5001.2744140625, 0.49955448508262634, 1929.2593994140625, 5000.0, 1930.0
13.25, 2640.270751953125, 4998.70556640625, 0.4995482563972473, 1929.200439453125, 5000.0, 1930.0
13.5, 2640.026123046875, 4999.82763671875, 0.4995420277118683, 1929.021728515625, 5000.0, 1930.0
13.75, 2410.34326171875, 5000.4658203125, 0.49953576922416687, 1929.9246826171875, 5000.0, 1930.0
14.0, 2010.0068359375, 4999.69580078125, 0.49952957034111023, 1930.4407958984375, 5000.0, 1930.0
14.25, 1802.291259765625, 5000.81787109375, 0.49952325224876404, 1930.7322998046875, 5000.0, 1930.0
14.5, 1864.5599365234375, 4998.19580078125, 0.49951696395874023, 1930.0350341796875, 5000.0, 1930.0
14.75, 1944.8515625, 3698.761962890625, 0.4995109438896179, 2082.955810546875, 2000.0, 2400.0
15.0, 1944.81201171875, 2321.865478515625, 0.4995071291923523, 2355.1962890625, 2000.0, 2400.0
15.25, 1927.013916015625, 2066.971923828125, 0.49950411915779114, 2479.989501953125, 2000.0, 2400.0
15.5, 1924.2874755859375, 2015.974853515625, 0.4995012581348419, 2435.31201171875, 2000.0, 2400.0
15.75, 1929.303466796875, 2006.5361328125, 0.4994984567165375, 2369.712158203125, 2000.0, 2400.0
16.0, 1930.625244140625, 2003.05712890625, 0.49949565529823303, 2383.47607421875, 2000.0, 2400.0
16.25, 1930.15087890625, 2002.0999755859375, 0.4994928538799286, 2408.948974609375, 2000.0, 2400.0
16.5, 1929.0894775390625, 1999.880126953125, 0.49949005246162415, 2409.256103515625, 2000.0, 2400.0
16.75, 1929.3302001953125, 1998.5440673828125, 0.4994872808456421, 2400.28369140625, 2000.0, 2400.0
17.0, 1929.76708984375, 1998.630615234375, 0.49948447942733765, 2398.2216796875, 2000.0, 2400.0
17.25, 1930.8519287109375, 2001.2391357421875, 0.4994816482067108, 2401.366455078125, 2000.0, 2400.0
17.5, 1931.7213134765625, 2002.869384765625, 0.49947884678840637, 2403.221923828125, 2000.0, 2400.0
17.75, 1930.1920166015625, 1998.4202880859375, 0.49947601556777954, 2401.15185546875, 2000.0, 2400.0
18.0, 1931.1396484375, 1999.2783203125, 0.4994731843471527, 2401.38916015625, 2000.0, 2400.0
18.25, 1931.7777099609375, 2001.2413330078125, 0.49947038292884827, 2401.890869140625, 2000.0, 2400.0
18.5, 1931.255615234375, 2000.0323486328125, 0.4994675815105438, 2401.553955078125, 2000.0, 2400.0
18.75, 2117.991455078125, 3892.175537109375, 0.49946412444114685, 2550.917236328125, 8000.0, 2720.0
19.0, 2377.0009765625, 7807.94775390625, 0.4994565546512604, 2706.0830078125, 8000.0, 2720.0
19.25, 2481.131103515625, 8139.0625, 0.4994460642337799, 2793.533447265625, 8000.0, 2720.0
19.5, 2426.03955078125, 7853.7373046875, 0.4994361698627472, 2735.027587890625, 8000.0, 2720.0
19.75, 2367.120361328125, 8117.17431640625, 0.4994257986545563, 2686.095458984375, 8000.0, 2720.0
20.0, 2386.63330078125, 7951.423828125, 0.4994155764579773, 2703.105224609375, 8000.0, 2720.0
20.25, 2409.607421875, 8027.5556640625, 0.4994053840637207, 2728.59716796875, 8000.0, 2720.0
20.5, 2408.680908203125, 7992.71826171875, 0.49939513206481934, 2724.0283203125, 8000.0, 2720.0
20.75, 2400.4755859375, 7997.87060546875, 0.4993850290775299, 2713.228515625, 8000.0, 2720.0
21.0, 2399.389404296875, 8001.4140625, 0.4993748962879181, 2715.38916015625, 8000.0, 2720.0
21.25, 2401.85888671875, 7999.888671875, 0.49936461448669434, 2720.683349609375, 8000.0, 2720.0
21.5, 2401.801025390625, 7999.28662109375, 0.49935436248779297, 2720.718017578125, 8000.0, 2720.0
21.75, 2402.0859375, 7996.29443359375, 0.4993440806865692, 2719.736083984375, 8000.0, 2720.0
22.0, 2400.664794921875, 7998.3828125, 0.4993337392807007, 2718.760498046875, 8000.0, 2720.0
22.25, 2401.293701171875, 7994.3212890625, 0.4993235170841217, 2720.634765625, 8000.0, 2720.0
22.5, 2401.677978515625, 7994.95263671875, 0.4993133246898651, 2721.23193359375, 8000.0, 2720.0
22.75, 2402.022216796875, 7675.40625, 0.4993031620979309, 2941.41845703125, 7000.0, 3200.0
23.0, 2400.6923828125, 7034.173828125, 0.49929386377334595, 3145.965087890625, 7000.0, 3200.0
23.25, 2400.625, 7032.0400390625, 0.4992847144603729, 3327.667724609375, 7000.0, 3200.0
23.5, 2400.76513671875, 6994.79150390625, 0.4992756247520447, 3267.155517578125, 7000.0, 3200.0
23.75, 2580.79931640625, 7001.1513671875, 0.4992665648460388, 3134.012939453125, 7000.0, 3200.0
24.0, 2727.287109375, 7003.2578125, 0.49925750494003296, 3124.933349609375, 7000.0, 3200.0
24.25, 2791.041015625, 6997.96826171875, 0.4992484748363495, 3200.603515625, 7000.0, 3200.0
24.5, 2723.125, 6998.84130859375, 0.4992395043373108, 3235.799072265625, 7000.0, 3200.0
24.75, 2685.86669921875, 6999.44873046875, 0.4992305636405945, 3194.306640625, 7000.0, 3200.0
25.0, 2710.178955078125, 7001.98779296875, 0.4992216229438782, 3169.612060546875, 7000.0, 3200.0
25.25, 2729.6650390625, 7001.478515625, 0.4992125928401947, 3190.530029296875, 7000.0, 3200.0
25.5, 2721.593017578125, 6999.125, 0.4992036819458008, 3217.0712890625, 7000.0, 3200.0
25.75, 2713.51904296875, 6998.634765625, 0.4991946518421173, 3204.52294921875, 7000.0, 3200.0
26.0, 2717.10400390625, 7001.314453125, 0.499185711145401, 3186.7685546875, 7000.0, 3200.0
26.25, 2720.2802734375, 7001.669921875, 0.4991767108440399, 3190.896484375, 7000.0, 3200.0
26.5, 2721.320556640625, 6997.6201171875, 0.49916768074035645, 3207.52392578125, 7000.0, 3200.0
26.75, 2719.47705078125, 5637.15234375, 0.4991592466831207, 2914.60107421875, 5000.0, 2690.0
27.0, 2717.79345703125, 5142.5908203125, 0.4991525113582611, 2645.176025390625, 5000.0, 2690.0
27.25, 2720.202392578125, 5027.53173828125, 0.49914607405662537, 2576.44287109375, 5000.0, 2690.0
27.5, 2720.8486328125, 5005.77880859375, 0.49913981556892395, 2689.395751953125, 5000.0, 2690.0
27.75, 2720.850341796875, 5002.28271484375, 0.4991335868835449, 2740.607666015625, 5000.0, 2690.0
28.0, 2720.89501953125, 5001.650390625, 0.4991273283958435, 2691.781982421875, 5000.0, 2690.0
28.25, 2719.357666015625, 5000.90673828125, 0.4991210401058197, 2665.803466796875, 5000.0, 2690.0
28.5, 2719.67578125, 4999.17626953125, 0.4991147816181183, 2685.295654296875, 5000.0, 2690.0
28.75, 2983.67626953125, 4998.6513671875, 0.4991084933280945, 2698.613525390625, 5000.0, 2690.0
29.0, 3189.8681640625, 4999.39208984375, 0.49910229444503784, 2690.8623046875, 5000.0, 2690.0
29.25, 3333.4765625, 4999.10888671875, 0.4990960359573364, 2685.826904296875, 5000.0, 2690.0
29.5, 3245.84912109375, 4999.95849609375, 0.4990898072719574, 2689.757080078125, 5000.0, 2690.0
29.75, 3117.42431640625, 5001.68603515625, 0.49908357858657837, 2692.594482421875, 5000.0, 2690.0
30.0, 3135.630615234375, 5001.65673828125, 0.4990774095058441, 2691.6318359375, 5000.0, 2690.0
30.25, 3210.894775390625, 4998.71923828125, 0.4990711510181427, 2688.8583984375, 5000.0, 2690.0
30.5, 3231.730712890625, 4996.859375, 0.4990648925304413, 2689.43359375, 5000.0, 2690.0
30.75, 3187.077880859375, 6137.26953125, 0.49905794858932495, 2888.7685546875, 6600.0, 3040.0
31.0, 3169.882568359375, 6509.84375, 0.49904951453208923, 3058.83447265625, 6600.0, 3040.0
31.25, 3196.93115234375, 6593.1796875, 0.49904102087020874, 3124.12841796875, 6600.0, 3040.0
31.5, 3217.07421875, 6594.0498046875, 0.49903252720832825, 3053.638427734375, 6600.0, 3040.0
31.75, 3200.057373046875, 6601.15380859375, 0.4990238845348358, 2987.031005859375, 6600.0, 3040.0
32.0, 3185.38818359375, 6599.64208984375, 0.49901530146598816, 3004.648193359375, 6600.0, 3040.0
32.25, 3195.7060546875, 6600.43994140625, 0.49900659918785095, 3048.391845703125, 6600.0, 3040.0
32.5, 3207.646728515625, 6601.04736328125, 0.4989979565143585, 3058.29931640625, 6600.0, 3040.0
32.75, 3202.361572265625, 6600.2900390625, 0.4989892840385437, 3044.08837890625, 6600.0, 3040.0
33.0, 3194.02587890625, 6597.26904296875, 0.4989806115627289, 3032.341796875, 6600.0, 3040.0
33.25, 3196.49267578125, 6599.259765625, 0.4989718794822693, 3034.27294921875, 6600.0, 3040.0
33.5, 3201.979736328125, 6599.37255859375, 0.49896320700645447, 3039.1396484375, 6600.0, 3040.0
33.75, 2861.676025390625, 6597.865234375, 0.49895456433296204, 3042.435302734375, 6600.0, 3040.0
34.0, 2612.878173828125, 6596.044921875, 0.4989459216594696, 3040.858154296875, 6600.0, 3040.0
34.25, 2590.751708984375, 6597.09521484375, 0.4989372789859772, 3039.4892578125, 6600.0, 3040.0
34.5, 2709.149169921875, 6600.05615234375, 0.49892860651016235, 3040.488525390625, 6600.0, 3040.0
34.75, 2734.60791015625, 7226.09423828125, 0.4989197552204132, 2958.099853515625, 7500.0, 2900.0
35.0, 2683.17529296875, 7494.828125, 0.4989100992679596, 2888.66015625, 7500.0, 2900.0
35.25, 2667.990234375, 7474.1884765625, 0.49890047311782837, 2865.428955078125, 7500.0, 2900.0
35.5, 2689.831298828125, 7503.2177734375, 0.49889075756073, 2893.730712890625, 7500.0, 2900.0
35.75, 2699.568603515625, 7494.3154296875, 0.4988810420036316, 2915.34619140625, 7500.0, 2900.0
36.0, 2688.742431640625, 7501.32470703125, 0.498871386051178, 2907.09326171875, 7500.0, 2900.0
36.25, 2686.109375, 7496.61572265625, 0.498861700296402, 2896.300048828125, 7500.0, 2900.0
36.5, 2690.47119140625, 7497.24951171875, 0.4988521337509155, 2896.018310546875, 7500.0, 2900.0
36.75, 2692.12841796875, 7495.5498046875, 0.4988425672054291, 2901.010498046875, 7500.0, 2900.0
37.0, 2690.860595703125, 7496.03955078125, 0.49883297085762024, 2903.47265625, 7500.0, 2900.0
37.25, 2689.481201171875, 7499.509765625, 0.498823344707489, 2901.19287109375, 7500.0, 2900.0
37.5, 2689.776611328125, 7499.29443359375, 0.4988137185573578, 2899.241455078125, 7500.0, 2900.0
37.75, 2690.660888671875, 7496.62744140625, 0.49880412220954895, 2899.480224609375, 7500.0, 2900.0
38.0, 2689.9794921875, 7496.87109375, 0.4987945556640625, 2900.47998046875, 7500.0, 2900.0
38.25, 2691.065673828125, 7497.9345703125, 0.4987848997116089, 2901.5634765625, 7500.0, 2900.0
38.5, 2694.098388671875, 7489.6064453125, 0.49877527356147766, 2895.197265625, 5400.0, 1900.0
38.75, 2926.76171875, 5756.57763671875, 0.49876683950424194, 2159.67578125, 5400.0, 1900.0
39.0, 3087.566162109375, 5495.95556640625, 0.4987596273422241, 1756.1544189453125, 5400.0, 1900.0
39.25, 3121.127685546875, 5413.091796875, 0.4987527132034302, 1757.2578125, 5400.0, 1900.0
39.5, 3034.539794921875, 5404.97509765625, 0.4987458288669586, 1898.6676025390625, 5400.0, 1900.0
39.75, 2985.072265625, 5403.27099609375, 0.49873900413513184, 1926.35498046875, 5400.0, 1900.0
40.0, 3013.781982421875, 5400.28271484375, 0.49873214960098267, 1898.1754150390625, 5400.0, 1900.0
40.25, 3051.90380859375, 5399.5673828125, 0.49872535467147827, 1888.11669921875, 5400.0, 1900.0
40.5, 3056.597412109375, 5399.16162109375, 0.4987185597419739, 1893.479248046875, 5400.0, 1900.0
40.75, 3042.1904296875, 5400.16552734375, 0.4987117052078247, 1898.499267578125, 5400.0, 1900.0
41.0, 3032.29296875, 5402.8564453125, 0.49870485067367554, 1899.8770751953125, 5400.0, 1900.0
41.25, 3034.573486328125, 5401.61083984375, 0.49869802594184875, 1898.4844970703125, 5400.0, 1900.0
41.5, 3040.229736328125, 5400.14208984375, 0.498691201210022, 1898.249267578125, 5400.0, 1900.0
41.75, 3042.712890625, 5398.767578125, 0.4986843466758728, 1899.200439453125, 5400.0, 1900.0
42.0, 3040.500732421875, 5399.5361328125, 0.4986775517463684, 1899.7291259765625, 5400.0, 1900.0
42.25, 3039.91162109375, 5401.1435546875, 0.49867066740989685, 1901.3033447265625, 5400.0, 1900.0
42.5, 3040.962158203125, 5183.27685546875, 0.49866390228271484, 1925.7403564453125, 3000.0, 2200.0
42.75, 3041.286865234375, 3392.40625, 0.4986586272716522, 2123.65673828125, 3000.0, 2200.0
43.0, 3040.4609375, 3076.57861328125, 0.49865448474884033, 2240.293701171875, 3000.0, 2200.0
43.25, 3040.77197265625, 3014.7578125, 0.49865052103996277, 2243.92822265625, 3000.0, 2200.0
43.5, 3027.270263671875, 3004.23876953125, 0.49864667654037476, 2201.434326171875, 3000.0, 2200.0
43.75, 2942.889892578125, 3002.18603515625, 0.49864277243614197, 2190.58642578125, 3000.0, 2200.0
44.0, 2879.099853515625, 3003.536865234375, 0.49863892793655396, 2200.62841796875, 3000.0, 2200.0
44.25, 2869.4140625, 2998.3779296875, 0.49863505363464355, 2204.384033203125, 3000.0, 2200.0
44.5, 2900.050048828125, 2998.697509765625, 0.49863120913505554, 2202.52001953125, 3000.0, 2200.0
44.75, 2914.0625, 2996.883544921875, 0.49862736463546753, 2200.573974609375, 3000.0, 2200.0
45.0, 2905.292724609375, 3001.111328125, 0.49862346053123474, 2201.591552734375, 3000.0, 2200.0
45.25, 2895.9609375, 3001.01513671875, 0.49861958622932434, 2202.244384765625, 3000.0, 2200.0
45.5, 2897.2626953125, 3001.26318359375, 0.49861574172973633, 2202.689208984375, 3000.0, 2200.0
45.75, 2900.359375, 2998.69677734375, 0.4986118674278259, 2201.033447265625, 3000.0, 2200.0
46.0, 2902.92431640625, 2999.317138671875, 0.49860796332359314, 2201.136962890625, 3000.0, 2200.0
46.25, 2901.396240234375, 2998.23681640625, 0.4986041188240051, 2201.49609375, 3000.0, 2200.0
46.5, 2900.150634765625, 3303.176513671875, 0.49860015511512756, 2070.515869140625, 4500.0, 1500.0
46.75, 2899.381103515625, 4312.1591796875, 0.4985950291156769, 1627.2879638671875, 4500.0, 1500.0
47.0, 2900.22021484375, 4460.05126953125, 0.4985894560813904, 1402.1806640625, 4500.0, 1500.0
47.25, 2899.874267578125, 4490.44189453125, 0.4985837936401367, 1426.525390625, 4500.0, 1500.0
47.5, 2899.73828125, 4497.26123046875, 0.49857810139656067, 1494.2972412109375, 4500.0, 1500.0
47.75, 2900.57177734375, 4497.93408203125, 0.49857237935066223, 1503.9105224609375, 4500.0, 1500.0
48.0, 2901.708251953125, 4501.2265625, 0.4985666275024414, 1495.5185546875, 4500.0, 1500.0
48.25, 2901.489990234375, 4502.0029296875, 0.49856093525886536, 1493.9395751953125, 4500.0, 1500.0
48.5, 2652.430908203125, 4500.63818359375, 0.49855518341064453, 1494.879150390625, 4500.0, 1500.0
48.75, 2042.57177734375, 4500.279296875, 0.4985494911670685, 1496.31494140625, 4500.0, 1500.0
49.0, 1719.62939453125, 4499.3583984375, 0.49854376912117004, 1497.459716796875, 4500.0, 1500.0
49.25, 1795.9810791015625, 4505.05419921875, 0.49853798747062683, 1499.3585205078125, 4500.0, 1500.0
49.5, 1916.1385498046875, 4503.4794921875, 0.49853232502937317, 1499.9053955078125, 4500.0, 1500.0
49.75, 1921.28076171875, 4502.7490234375, 0.4985266327857971, 1500.05712890625, 4500.0, 1500.0
50.0, 1894.552978515625, 4502.76708984375, 0.49852094054222107, 1499.603271484375, 4500.0, 1500.0
50.25, 1888.70166015625, 4500.2666015625, 0.49851521849632263, 1499.3287353515625, 4500.0, 1500.0
50.5, 1894.78125, 4957.90478515625, 0.4985094368457794, 1368.099853515625, 7000.0, 1000.0
50.75, 1898.326416015625, 6936.89794921875, 0.49850156903266907, 1072.6456298828125, 7000.0, 1000.0
51.0, 1898.7056884765625, 6875.30029296875, 0.49849265813827515, 938.1472778320312, 7000.0, 1000.0
51.25, 1899.571044921875, 7012.8095703125, 0.4984835088253021, 959.8551025390625, 7000.0, 1000.0
51.5, 1899.8284912109375, 6987.72314453125, 0.49847447872161865, 993.6805419921875, 7000.0, 1000.0
51.75, 1899.9761962890625, 7002.2275390625, 0.4984654486179352, 997.6809692382812, 7000.0, 1000.0
52.0, 1899.8653564453125, 7002.03515625, 0.4984564185142517, 994.8278198242188, 7000.0, 1000.0
52.25, 1899.5703125, 7001.287109375, 0.49844735860824585, 994.555908203125, 7000.0, 1000.0
52.5, 1899.7095947265625, 7000.49951171875, 0.49843835830688477, 995.6998291015625, 7000.0, 1000.0
52.75, 1900.1636962890625, 6997.15869140625, 0.4984292685985565, 997.0319213867188, 7000.0, 1000.0
53.0, 1901.00244140625, 6997.7109375, 0.49842017889022827, 998.373779296875, 7000.0, 1000.0
53.25, 1901.7889404296875, 7001.0458984375, 0.49841105937957764, 999.193359375, 7000.0, 1000.0
53.5, 1995.8931884765625, 7001.556640625, 0.4984019696712494, 998.2112426757812, 7000.0, 1000.0
53.75, 2158.059814453125, 6997.8486328125, 0.49839287996292114, 999.0639038085938, 7000.0, 1000.0
54.0, 2253.681396484375, 6999.32958984375, 0.49838370084762573, 1000.7862548828125, 7000.0, 1000.0
54.25, 2233.316650390625, 7000.85693359375, 0.4983746409416199, 999.9552612304688, 7000.0, 1000.0
54.5, 2194.498779296875, 7127.82421875, 0.49836549162864685, 1356.682373046875, 8000.0, 2000.0
54.75, 2192.950927734375, 8001.04443359375, 0.49835580587387085, 1892.7305908203125, 8000.0, 2000.0
55.0, 2201.706298828125, 7973.85546875, 0.4983455240726471, 2152.434326171875, 8000.0, 2000.0
55.25, 2204.606689453125, 7980.18212890625, 0.4983353912830353, 2084.468994140625, 8000.0, 2000.0
55.5, 2202.866943359375, 8018.26708984375, 0.4983251392841339, 1982.0977783203125, 8000.0, 2000.0
55.75, 2201.775146484375, 7984.40625, 0.4983149766921997, 1980.9287109375, 8000.0, 2000.0
56.0, 2200.822021484375, 8012.87939453125, 0.49830472469329834, 2005.3760986328125, 8000.0, 2000.0
56.25, 2201.628662109375, 7998.2470703125, 0.498294472694397, 2010.3211669921875, 8000.0, 2000.0
56.5, 2202.671630859375, 8004.05419921875, 0.4982841908931732, 2005.4298095703125, 8000.0, 2000.0
56.75, 2200.86181640625, 8004.626953125, 0.49827393889427185, 2001.0599365234375, 8000.0, 2000.0
57.0, 2200.933349609375, 8001.57177734375, 0.49826377630233765, 2001.7867431640625, 8000.0, 2000.0
57.25, 2201.677490234375, 7999.623046875, 0.49825355410575867, 2003.0426025390625, 8000.0, 2000.0
57.5, 2202.595703125, 8001.58056640625, 0.4982433319091797, 2003.6856689453125, 8000.0, 2000.0
57.75, 2200.7451171875, 8002.99658203125, 0.4982331097126007, 2001.4884033203125, 8000.0, 2000.0
58.0, 2200.7109375, 8001.8515625, 0.4982229471206665, 2001.33203125, 8000.0, 2000.0
58.25, 2200.9326171875, 7997.53515625, 0.4982127845287323, 2001.5093994140625, 8000.0, 2000.0
58.5, 1883.77978515625, 7194.7314453125, 0.49820277094841003, 2306.468505859375, 6000.0, 2640.0
58.75, 1530.8916015625, 6182.63720703125, 0.49819454550743103, 2606.4921875, 6000.0, 2640.0
59.0, 1390.413330078125, 6030.9873046875, 0.49818676710128784, 2776.753662109375, 6000.0, 2640.0
59.25, 1455.2691650390625, 6011.0263671875, 0.49817901849746704, 2670.48095703125, 6000.0, 2640.0
59.5, 1503.75439453125, 6002.58447265625, 0.49817144870758057, 2588.781005859375, 6000.0, 2640.0
59.75, 1500.9886474609375, 5998.6669921875, 0.4981638193130493, 2619.70263671875, 6000.0, 2640.0
60.0, 1493.836669921875, 5998.9541015625, 0.49815624952316284, 2658.736083984375, 6000.0, 2640.0
60.25, 1494.6290283203125, 6000.01220703125, 0.49814873933792114, 2643.798095703125, 6000.0, 2640.0
60.5, 1496.143310546875, 6000.5478515625, 0.49814116954803467, 2627.194580078125, 6000.0, 2640.0
60.75, 1496.788330078125, 5998.71044921875, 0.4981335997581482, 2634.466064453125, 6000.0, 2640.0
61.0, 1497.79248046875, 5998.39794921875, 0.4981260299682617, 2642.850341796875, 6000.0, 2640.0
61.25, 1499.47900390625, 6001.50244140625, 0.49811840057373047, 2641.26123046875, 6000.0, 2640.0
61.5, 1499.4501953125, 6001.36572265625, 0.49811092019081116, 2637.360107421875, 6000.0, 2640.0
61.75, 1499.18994140625, 5998.486328125, 0.4981032907962799, 2638.93115234375, 6000.0, 2640.0
62.0, 1499.9954833984375, 5998.65576171875, 0.4980957806110382, 2641.000244140625, 6000.0, 2640.0
62.25, 1500.7288818359375, 5998.77880859375, 0.4980882406234741, 2640.640380859375, 6000.0, 2640.0
62.5, 1501.235595703125, 5358.3779296875, 0.4980809986591339, 2255.447509765625, 5000.0, 1930.0
62.75, 1500.431884765625, 5077.8984375, 0.49807456135749817, 1914.1929931640625, 5000.0, 1930.0
63.0, 1500.0465087890625, 5011.501953125, 0.498068243265152, 1801.637451171875, 5000.0, 1930.0
63.25, 1501.0902099609375, 5001.39794921875, 0.4980619251728058, 1898.5908203125, 5000.0, 1930.0
63.5, 1227.4715576171875, 5003.369140625, 0.498055636882782, 1951.8861083984375, 5000.0, 1930.0
63.75, 999.4005126953125, 5004.2978515625, 0.49804937839508057, 1938.0926513671875, 5000.0, 1930.0
64.0, 934.7305908203125, 5000.35791015625, 0.4980430603027344, 1923.140380859375, 5000.0, 1930.0
64.25, 977.0789184570312, 5003.193359375, 0.49803680181503296, 1925.2017822265625, 5000.0, 1930.0
64.5, 998.6236572265625, 5003.0791015625, 0.49803051352500916, 1930.1463623046875, 5000.0, 1930.0
64.75, 997.3655395507812, 5003.9912109375, 0.49802425503730774, 1930.841796875, 5000.0, 1930.0
65.0, 994.4284057617188, 5001.78369140625, 0.4980180263519287, 1928.9488525390625, 5000.0, 1930.0
65.25, 996.05859375, 5001.52392578125, 0.4980117678642273, 1929.5450439453125, 5000.0, 1930.0
65.5, 997.3924560546875, 5000.287109375, 0.49800553917884827, 1930.2413330078125, 5000.0, 1930.0
65.75, 998.1091918945312, 5000.06689453125, 0.49799928069114685, 1930.6290283203125, 5000.0, 1930.0
66.0, 998.3931274414062, 5000.09619140625, 0.49799296259880066, 1930.880859375, 5000.0, 1930.0
66.25, 998.057373046875, 4999.78466796875, 0.49798664450645447, 1930.034912109375, 5000.0, 1930.0
66.5, 998.5553588867188, 2846.661376953125, 0.49798139929771423, 2208.7646484375, 2000.0, 2400.0
66.75, 1000.5512084960938, 2170.744140625, 0.4979780316352844, 2431.75048828125, 2000.0, 2400.0
67.0, 1001.0180053710938, 2037.325439453125, 0.49797511100769043, 2477.83935546875, 2000.0, 2400.0
67.25, 999.7918090820312, 2007.8076171875, 0.4979722797870636, 2398.626953125, 2000.0, 2400.0
67.5, 999.9638061523438, 2002.6641845703125, 0.49796947836875916, 2366.84765625, 2000.0, 2400.0
67.75, 999.9845581054688, 1999.425048828125, 0.4979666471481323, 2395.5107421875, 2000.0, 2400.0
68.0, 1000.22216796875, 1999.4959716796875, 0.49796387553215027, 2411.415771484375, 2000.0, 2400.0
68.25, 1000.9944458007812, 2001.1612548828125, 0.4979610741138458, 2405.754638671875, 2000.0, 2400.0
68.5, 1601.021240234375, 2000.6873779296875, 0.497958242893219, 2399.644775390625, 2000.0, 2400.0
68.75, 2037.376708984375, 2004.4068603515625, 0.49795544147491455, 2400.44970703125, 2000.0, 2400.0
69.0, 2152.892333984375, 2001.2337646484375, 0.4979526400566101, 2401.515625, 2000.0, 2400.0
69.25, 2032.556396484375, 1999.11083984375, 0.49794983863830566, 2401.619140625, 2000.0, 2400.0
69.5, 1972.998779296875, 2000.4412841796875, 0.49794697761535645, 2402.543212890625, 2000.0, 2400.0
69.75, 1992.406005859375, 1998.4495849609375, 0.497944176197052, 2401.412109375, 2000.0, 2400.0
70.0, 2009.85546875, 1996.439208984375, 0.49794140458106995, 2400.734375, 2000.0, 2400.0
70.25, 2008.2244873046875, 1996.4881591796875, 0.4979385733604431, 2401.212890625, 2000.0, 2400.0
70.5, 2003.3402099609375, 5638.81201171875, 0.4979338049888611, 2621.102783203125, 8000.0, 2720.0
70.75, 2003.12841796875, 8684.00390625, 0.4979246258735657, 2761.491943359375, 8000.0, 2720.0
71.0, 2003.7164306640625, 7740.85400390625, 0.49791425466537476, 2780.06298828125, 8000.0, 2720.0
71.25, 2002.0853271484375, 8071.7373046875, 0.4979042410850525, 2705.634521484375, 8000.0, 2720.0
71.5, 2002.6278076171875, 8009.5556640625, 0.4978938102722168, 2688.374267578125, 8000.0, 2720.0
71.75, 2003.231689453125, 7978.51318359375, 0.4978836178779602, 2718.95703125, 8000.0, 2720.0
72.0, 2001.3443603515625, 8020.54541015625, 0.49787333607673645, 2728.91748046875, 8000.0, 2720.0
72.25, 2001.4874267578125, 7984.15625, 0.49786314368247986, 2717.786376953125, 8000.0, 2720.0
72.5, 2002.3741455078125, 8003.166015625, 0.4978528618812561, 2713.261962890625, 8000.0, 2720.0
72.75, 2001.145263671875, 7999.4228515625, 0.49784255027770996, 2716.813720703125, 8000.0, 2720.0
73.0, 2001.1356201171875, 7999.36669921875, 0.49783241748809814, 2721.376953125, 8000.0, 2720.0
73.25, 2001.6168212890625, 7995.767578125, 0.49782222509384155, 2720.127685546875, 8000.0, 2720.0
73.5, 2446.0146484375, 7995.26318359375, 0.4978119730949402, 2719.352783203125, 8000.0, 2720.0
73.75, 2721.33984375, 8001.45166015625, 0.4978017807006836, 2719.625, 8000.0, 2720.0
74.0, 2744.142578125, 8000.97119140625, 0.497791588306427, 2719.537109375, 8000.0, 2720.0
74.25, 2616.465087890625, 7996.46826171875, 0.497781366109848, 2721.79833984375, 7000.0, 3200.0
74.5, 2592.025634765625, 7179.82275390625, 0.4977715313434601, 3026.007568359375, 7000.0, 3200.0
74.75, 2643.545654296875, 7067.5634765625, 0.49776241183280945, 3245.100830078125, 7000.0, 3200.0
75.0, 2655.715576171875, 7001.95654296875, 0.49775323271751404, 3321.638916015625, 7000.0, 3200.0
75.25, 2632.697509765625, 7005.55908203125, 0.49774420261383057, 3210.717529296875, 7000.0, 3200.0
75.5, 2627.7841796875, 7002.35888671875, 0.4977352023124695, 3104.90283203125, 7000.0, 3200.0
75.75, 2640.572509765625, 6999.01220703125, 0.49772608280181885, 3153.115966796875, 7000.0, 3200.0
76.0, 2643.7265625, 7001.4111328125, 0.4977169632911682, 3227.590087890625, 7000.0, 3200.0
76.25, 2639.137939453125, 7001.69873046875, 0.49770790338516235, 3223.8740234375, 7000.0, 3200.0
76.5, 2636.31396484375, 7003.14794921875, 0.4976987838745117, 3176.45361328125, 7000.0, 3200.0
76.75, 2639.028564453125, 7002.03466796875, 0.49768972396850586, 3172.757568359375, 7000.0, 3200.0
77.0, 2640.135009765625, 6999.55224609375, 0.4976806342601776, 3204.80908203125, 7000.0, 3200.0
77.25, 2640.302978515625, 6998.7939453125, 0.497671514749527, 3216.3232421875, 7000.0, 3200.0
77.5, 2640.798095703125, 7001.08935546875, 0.49766236543655396, 3195.365478515625, 7000.0, 3200.0
77.75, 2639.801513671875, 7000.20361328125, 0.49765321612358093, 3184.93701171875, 7000.0, 3200.0
78.0, 2640.138427734375, 7000.29150390625, 0.4976441562175751, 3198.5751953125, 7000.0, 3200.0
78.25, 2581.9990234375, 6941.28857421875, 0.49763503670692444, 3170.3193359375, 5000.0, 2690.0
78.5, 2086.192626953125, 5308.27587890625, 0.4976273477077484, 2803.876953125, 5000.0, 2690.0
78.75, 1819.25390625, 5067.9306640625, 0.49762073159217834, 2576.578857421875, 5000.0, 2690.0
79.0, 1839.5018310546875, 5014.310546875, 0.49761441349983215, 2611.229248046875, 5000.0, 2690.0
79.25, 1934.7493896484375, 5003.91357421875, 0.4976082146167755, 2727.67626953125, 5000.0, 2690.0
79.5, 1948.9337158203125, 4999.4814453125, 0.49760201573371887, 2724.823974609375, 5000.0, 2690.0
79.75, 1930.4349365234375, 5001.48828125, 0.49759575724601746, 2675.67724609375, 5000.0, 2690.0
80.0, 1922.4581298828125, 4999.62158203125, 0.49758946895599365, 2670.80615234375, 5000.0, 2690.0
80.25, 1926.923828125, 4999.26220703125, 0.49758321046829224, 2693.96826171875, 5000.0, 2690.0
80.5, 1929.80126953125, 5000.58935546875, 0.4975769519805908, 2696.532958984375, 5000.0, 2690.0
80.75, 1929.953125, 5000.00341796875, 0.4975707232952118, 2687.097900390625, 5000.0, 2690.0
81.0, 1930.552490234375, 5002.04833984375, 0.4975644648075104, 2687.247314453125, 5000.0, 2690.0
81.25, 1929.3052978515625, 4999.2275390625, 0.4975581467151642, 2689.757568359375, 5000.0, 2690.0
81.5, 1929.8953857421875, 4997.37255859375, 0.49755188822746277, 2691.410400390625, 5000.0, 2690.0
81.75, 1931.423095703125, 4998.1953125, 0.49754559993743896, 2690.6005859375, 5000.0, 2690.0
82.0, 1930.1558837890625, 4997.0927734375, 0.49753931164741516, 2688.359130859375, 5000.0, 2690.0
82.25, 1930.5594482421875, 5210.3603515625, 0.49753299355506897, 2765.22412109375, 6600.0, 3040.0
82.5, 1930.8800048828125, 6506.22509765625, 0.49752533435821533, 2963.944091796875, 6600.0, 3040.0
82.75, 1932.109375, 6532.91552734375, 0.4975168704986572, 3107.840576171875, 6600.0, 3040.0
83.0, 1932.0643310546875, 6601.5869140625, 0.4975084066390991, 3109.118896484375, 6600.0, 3040.0
83.25, 2039.5538330078125, 6593.84814453125, 0.4974997341632843, 3014.473876953125, 6600.0, 3040.0
83.5, 2330.769287109375, 6601.6181640625, 0.49749118089675903, 2986.008544921875, 6600.0, 3040.0
83.75, 2477.786376953125, 6595.3662109375, 0.4974825382232666, 3024.839599609375, 6600.0, 3040.0
84.0, 2444.422607421875, 6598.658203125, 0.49747395515441895, 3056.189697265625, 6600.0, 3040.0
84.25, 2371.8828125, 6597.2158203125, 0.4974654018878937, 3054.114013671875, 6600.0, 3040.0
84.5, 2380.52978515625, 6599.23486328125, 0.49745672941207886, 3039.080322265625, 6600.0, 3040.0
84.75, 2406.80859375, 6599.572265625, 0.4974480867385864, 3030.74755859375, 6600.0, 3040.0
85.0, 2409.872314453125, 6598.8056640625, 0.49743953347206116, 3035.615234375, 6600.0, 3040.0
85.25, 2401.0390625, 6597.58349609375, 0.4974309206008911, 3041.468017578125, 6600.0, 3040.0
85.5, 2398.654052734375, 6596.95947265625, 0.49742230772972107, 3042.478759765625, 6600.0, 3040.0
85.75, 2401.38330078125, 6597.203125, 0.497413694858551, 3040.1884765625, 6600.0, 3040.0
86.0, 2402.865234375, 6597.81640625, 0.49740511178970337, 3039.50439453125, 6600.0, 3040.0
86.25, 2402.579833984375, 6707.17236328125, 0.49739646911621094, 3005.574951171875, 7500.0, 2900.0
86.5, 2400.67529296875, 7489.37744140625, 0.4973872900009155, 2928.73193359375, 7500.0, 2900.0
86.75, 2401.369384765625, 7446.525390625, 0.49737748503685, 2872.011962890625, 7500.0, 2900.0
87.0, 2401.9189453125, 7508.8330078125, 0.497367799282074, 2875.1484375, 7500.0, 2900.0
87.25, 2401.005859375, 7497.7060546875, 0.497358113527298, 2905.6474609375, 7500.0, 2900.0
87.5, 2401.2607421875, 7497.15673828125, 0.4973483979701996, 2914.18798828125, 7500.0, 2900.0
87.75, 2402.1640625, 7496.95556640625, 0.4973387122154236, 2903.039306640625, 7500.0, 2900.0
88.0, 2401.3671875, 7499.93505859375, 0.49732911586761475, 2894.347412109375, 7500.0, 2900.0
88.25, 2531.0390625, 7501.39697265625, 0.4973194897174835, 2896.5087890625, 7500.0, 2900.0
88.5, 2693.003173828125, 7500.71142578125, 0.49730992317199707, 2901.2041015625, 7500.0, 2900.0
88.75, 2793.349609375, 7496.46044921875, 0.4973002076148987, 2903.17138671875, 7500.0, 2900.0
89.0, 2740.549072265625, 7498.43798828125, 0.49729064106941223, 2901.39208984375, 7500.0, 2900.0
89.25, 2688.61279296875, 7499.6650390625, 0.4972810447216034, 2900.86962890625, 7500.0, 2900.0
89.5, 2700.47265625, 7503.1328125, 0.49727141857147217, 2899.438232421875, 7500.0, 2900.0
89.75, 2728.662841796875, 7499.4716796875, 0.497261643409729, 2901.17431640625, 7500.0, 2900.0
90.0, 2725.01513671875, 7503.40869140625, 0.497251957654953, 2901.2734375, 7500.0, 2900.0
90.25, 2713.01123046875, 6694.9111328125, 0.49724245071411133, 2474.501708984375, 5400.0, 1900.0
90.5, 2715.462646484375, 5612.73388671875, 0.49723488092422485, 1944.63232421875, 5400.0, 1900.0
90.75, 2721.697265625, 5440.0634765625, 0.49722790718078613, 1709.9708251953125, 5400.0, 1900.0
91.0, 2720.832275390625, 5407.7158203125, 0.4972209930419922, 1827.70703125, 5400.0, 1900.0
91.25, 2719.108642578125, 5399.7529296875, 0.49721401929855347, 1923.7264404296875, 5400.0, 1900.0
91.5, 2719.336181640625, 5399.09326171875, 0.49720701575279236, 1914.4759521484375, 5400.0, 1900.0
91.75, 2719.759521484375, 5399.7451171875, 0.49720004200935364, 1891.504638671875, 5400.0, 1900.0
92.0, 2720.151611328125, 5399.67578125, 0.4971931278705597, 1890.45947265625, 5400.0, 1900.0
92.25, 2720.60302734375, 5398.44775390625, 0.4971860945224762, 1896.7255859375, 5400.0, 1900.0
92.5, 2720.330322265625, 5398.880859375, 0.49717918038368225, 1898.7882080078125, 5400.0, 1900.0
92.75, 2720.559326171875, 5400.8271484375, 0.49717217683792114, 1899.0557861328125, 5400.0, 1900.0
93.0, 2720.124267578125, 5398.8525390625, 0.49716517329216003, 1897.994384765625, 5400.0, 1900.0
93.25, 2938.371337890625, 5399.36962890625, 0.4971582293510437, 1899.241943359375, 5400.0, 1900.0
93.5, 3141.9033203125, 5399.5400390625, 0.49715137481689453, 1899.9423828125, 5400.0, 1900.0
93.75, 3327.9619140625, 5400.3037109375, 0.497144490480423, 1900.744140625, 5400.0, 1900.0
94.0, 3270.572509765625, 5400.9033203125, 0.4971376955509186, 1901.3704833984375, 5400.0, 1900.0
94.25, 3137.552001953125, 3937.376708984375, 0.4971313774585724, 2043.589599609375, 3000.0, 2200.0
94.5, 3122.806396484375, 3189.142333984375, 0.49712687730789185, 2187.9443359375, 3000.0, 2200.0
94.75, 3197.95263671875, 3036.112548828125, 0.4971228539943695, 2255.6376953125, 3000.0, 2200.0
95.0, 3236.766845703125, 3007.131591796875, 0.4971189796924591, 2222.7314453125, 3000.0, 2200.0
95.25, 3195.994384765625, 3001.501708984375, 0.4971151351928711, 2191.46728515625, 3000.0, 2200.0
95.5, 3169.67041015625, 3002.275390625, 0.4971112310886383, 2194.479248046875, 3000.0, 2200.0
95.75, 3189.67529296875, 2998.00244140625, 0.4971073567867279, 2203.024169921875, 3000.0, 2200.0
96.0, 3216.81689453125, 3000.194091796875, 0.4971034824848175, 2204.768798828125, 3000.0, 2200.0
96.25, 3204.68701171875, 3001.83251953125, 0.4970996081829071, 2202.46337890625, 3000.0, 2200.0
96.5, 3185.958740234375, 3001.462646484375, 0.4970957338809967, 2200.819580078125, 3000.0, 2200.0
96.75, 3190.9970703125, 2999.06103515625, 0.4970918893814087, 2200.90087890625, 3000.0, 2200.0
97.0, 3206.69775390625, 2999.708984375, 0.4970880150794983, 2201.571533203125, 3000.0, 2200.0
97.25, 3205.41064453125, 2999.30615234375, 0.4970841705799103, 2201.729248046875, 3000.0, 2200.0
97.5, 3195.1083984375, 3001.0087890625, 0.49708032608032227, 2201.68359375, 3000.0, 2200.0
97.75, 3195.330322265625, 3003.114501953125, 0.49707645177841187, 2202.4873046875, 3000.0, 2200.0
98.0, 3201.135009765625, 2998.72509765625, 0.49707257747650146, 2200.895751953125, 3000.0, 2200.0
98.25, 2920.086181640625, 4058.205078125, 0.49706822633743286, 1815.924072265625, 4500.0, 1500.0
98.5, 2655.78857421875, 4399.59716796875, 0.4970627725124359, 1489.43359375, 4500.0, 1500.0
98.75, 2576.84326171875, 4482.0048828125, 0.49705711007118225, 1393.122314453125, 4500.0, 1500.0
99.0, 2686.935546875, 4498.646484375, 0.4970513880252838, 1468.21240234375, 4500.0, 1500.0
99.25, 2741.119140625, 4500.25732421875, 0.49704569578170776, 1505.7093505859375, 4500.0, 1500.0
99.5, 2692.830810546875, 4498.15576171875, 0.4970400035381317, 1498.62646484375, 4500.0, 1500.0
99.75, 2667.82763671875, 4498.2490234375, 0.4970342516899109, 1492.978759765625, 4500.0, 1500.0
100.0, 2685.52099609375, 4499.37841796875, 0.49702855944633484, 1494.2723388671875, 4500.0, 1500.0
100.25, 2699.1474609375, 4500.69287109375, 0.4970228374004364, 1497.2083740234375, 4500.0, 1500.0
100.5, 2692.569580078125, 4501.89990234375, 0.49701714515686035, 1498.66064453125, 4500.0, 1500.0
100.75, 2684.84765625, 4499.267578125, 0.4970114231109619, 1497.6341552734375, 4500.0, 1500.0
101.0, 2689.301025390625, 4497.90380859375, 0.4970056712627411, 1498.6246337890625, 4500.0, 1500.0
101.25, 2692.737548828125, 4498.6162109375, 0.49699991941452026, 1499.8128662109375, 4500.0, 1500.0
101.5, 2691.4814453125, 4498.6796875, 0.4969942569732666, 1500.3037109375, 4500.0, 1500.0
101.75, 2689.848876953125, 4500.78369140625, 0.49698853492736816, 1500.1875, 4500.0, 1500.0
102.0, 2689.55712890625, 4497.8828125, 0.4969828128814697, 1499.41357421875, 4500.0, 1500.0
102.25, 2691.5751953125, 6177.7861328125, 0.49697616696357727, 1190.6612548828125, 7000.0, 1000.0
102.5, 2691.367431640625, 6918.189453125, 0.4969673752784729, 981.0857543945312, 7000.0, 1000.0
102.75, 2690.813232421875, 6980.38525390625, 0.4969584047794342, 938.1311645507812, 7000.0, 1000.0
103.0, 2690.265625, 6994.98828125, 0.4969492256641388, 980.3829956054688, 7000.0, 1000.0
103.25, 2894.0849609375, 6996.765625, 0.49694013595581055, 997.992431640625, 7000.0, 1000.0
103.5, 3062.6123046875, 6999.49755859375, 0.49693113565444946, 996.7977905273438, 7000.0, 1000.0
103.75, 3125.171630859375, 6999.36669921875, 0.496922105550766, 996.1044311523438, 7000.0, 1000.0
104.0, 3050.0224609375, 7001.77978515625, 0.49691295623779297, 995.0987548828125, 7000.0, 1000.0
104.25, 2985.683349609375, 7001.0712890625, 0.4969039261341095, 996.1925659179688, 7000.0, 1000.0
104.5, 3006.645263671875, 6998.83984375, 0.4968947768211365, 998.2879638671875, 7000.0, 1000.0
104.75, 3048.79541015625, 6998.8154296875, 0.4968857765197754, 998.8453979492188, 7000.0, 1000.0
105.0, 3059.048828125, 7000.5703125, 0.49687665700912476, 999.04052734375, 7000.0, 1000.0
105.25, 3044.19677734375, 6997.88525390625, 0.4968675374984741, 998.7789306640625, 7000.0, 1000.0
105.5, 3032.844970703125, 6998.1640625, 0.4968584179878235, 1000.1412353515625, 7000.0, 1000.0
105.75, 3034.952880859375, 7000.2763671875, 0.4968493580818176, 1000.9408569335938, 7000.0, 1000.0
106.0, 3039.31640625, 7000.31787109375, 0.4968402087688446, 999.4171142578125, 7000.0, 1000.0
106.25, 3042.862548828125, 7600.62939453125, 0.49683094024658203, 1659.9927978515625, 8000.0, 2000.0
106.5, 3040.8134765625, 8088.19580078125, 0.49682092666625977, 2068.86376953125, 8000.0, 2000.0
106.75, 3039.2900390625, 7925.22802734375, 0.49681076407432556, 2144.26904296875, 8000.0, 2000.0
107.0, 3038.79150390625, 8029.15576171875, 0.4968005418777466, 2018.37890625, 8000.0, 2000.0
107.25, 3040.232177734375, 7994.423828125, 0.49679034948349, 1970.9635009765625, 8000.0, 2000.0
107.5, 3040.587158203125, 7996.42626953125, 0.4967801868915558, 1994.380859375, 8000.0, 2000.0
107.75, 3040.05908203125, 7998.86328125, 0.4967699944972992, 2010.5277099609375, 8000.0, 2000.0
108.0, 3039.819091796875, 7996.07373046875, 0.49675989151000977, 2007.26318359375, 8000.0, 2000.0
108.25, 2954.833740234375, 7994.81640625, 0.4967496991157532, 2002.6754150390625, 8000.0, 2000.0
108.5, 2887.194580078125, 7993.77685546875, 0.49673956632614136, 2002.1689453125, 8000.0, 2000.0
108.75, 2867.9697265625, 7997.53369140625, 0.4967293441295624, 2003.853759765625, 8000.0, 2000.0
109.0, 2895.2421875, 8001.60498046875, 0.4967191815376282, 2002.987060546875, 8000.0, 2000.0
109.25, 2913.95751953125, 8001.41748046875, 0.49670904874801636, 2002.3143310546875, 8000.0, 2000.0
109.5, 2906.980712890625, 7994.837890625, 0.496698796749115, 2001.74365234375, 8000.0, 2000.0
109.75, 2897.43017578125, 7997.466796875, 0.4966885447502136, 2003.100341796875, 8000.0, 2000.0
110.0, 2895.067626953125, 7992.55908203125, 0.49667832255363464, 2006.572509765625, 6000.0, 2640.0
110.25, 2900.876220703125, 6312.447265625, 0.49666911363601685, 2460.819580078125, 6000.0, 2640.0
110.5, 2904.01123046875, 6112.40869140625, 0.49666115641593933, 2734.326416015625, 6000.0, 2640.0
110.75, 2901.548828125, 6014.2470703125, 0.49665340781211853, 2737.723388671875, 6000.0, 2640.0
111.0, 2899.505126953125, 6000.8388671875, 0.4966457188129425, 2610.427001953125, 6000.0, 2640.0
111.25, 2900.776123046875, 6002.27880859375, 0.49663811922073364, 2595.5966796875, 6000.0, 2640.0
111.5, 2900.3544921875, 6001.30517578125, 0.49663057923316956, 2646.304443359375, 6000.0, 2640.0
111.75, 2900.47607421875, 5999.58837890625, 0.4966229796409607, 2654.062744140625, 6000.0, 2640.0
112.0, 2900.9658203125, 6000.353515625, 0.49661538004875183, 2632.08740234375, 6000.0, 2640.0
112.25, 2899.701171875, 6001.142578125, 0.49660781025886536, 2628.944091796875, 6000.0, 2640.0
112.5, 2900.158935546875, 6002.02734375, 0.49660032987594604, 2640.091552734375, 6000.0, 2640.0
112.75, 2900.2216796875, 5999.34326171875, 0.49659278988838196, 2642.187744140625, 6000.0, 2640.0
113.0, 2780.0419921875, 5999.3720703125, 0.4965852200984955, 2638.4189453125, 6000.0, 2640.0
113.25, 2099.9287109375, 6001.30517578125, 0.4965776205062866, 2638.761962890625, 6000.0, 2640.0
113.5, 1732.33544921875, 5997.93115234375, 0.49656999111175537, 2639.78125, 6000.0, 2640.0
113.75, 1777.738525390625, 5999.61669921875, 0.4965624213218689, 2640.9833984375, 6000.0, 2640.0
114.0, 1908.836181640625, 5900.91455078125, 0.496554970741272, 2525.251953125, 5000.0, 1930.0
114.25, 1923.9954833984375, 5134.60986328125, 0.49654826521873474, 2064.28515625, 5000.0, 1930.0
114.5, 1896.1187744140625, 5028.015625, 0.4965418875217438, 1813.6417236328125, 5000.0, 1930.0
114.75, 1888.384521484375, 5005.96484375, 0.49653562903404236, 1845.83642578125, 5000.0, 1930.0
115.0, 1894.39892578125, 4997.24951171875, 0.49652937054634094, 1937.1536865234375, 5000.0, 1930.0
115.25, 1898.56982421875, 4998.21728515625, 0.49652308225631714, 1947.458740234375, 5000.0, 1930.0
115.5, 1898.7557373046875, 4998.951171875, 0.4965168833732605, 1928.5040283203125, 5000.0, 1930.0
115.75, 1899.5137939453125, 5000.6162109375, 0.4965106248855591, 1924.122802734375, 5000.0, 1930.0
116.0, 1900.1474609375, 4999.4072265625, 0.49650442600250244, 1928.5428466796875, 5000.0, 1930.0
116.25, 1898.89306640625, 4997.15673828125, 0.496498167514801, 1929.27783203125, 5000.0, 1930.0
116.5, 1900.2760009765625, 4999.294921875, 0.4964918792247772, 1930.26611328125, 5000.0, 1930.0
116.75, 1900.5743408203125, 4998.56884765625, 0.4964856803417206, 1930.084228515625, 5000.0, 1930.0
117.0, 1900.832763671875, 4997.56201171875, 0.49647948145866394, 1930.4156494140625, 5000.0, 1930.0
117.25, 1901.753662109375, 5000.78955078125, 0.4964732527732849, 1931.3934326171875, 5000.0, 1930.0
117.5, 1900.3819580078125, 4998.9267578125, 0.4964669942855835, 1930.0853271484375, 5000.0, 1930.0
117.75, 1900.300537109375, 4999.318359375, 0.49646076560020447, 1930.0565185546875, 5000.0, 1930.0
118.0, 1972.9312744140625, 4073.07958984375, 0.4964545965194702, 2043.3673095703125, 2000.0, 2400.0
118.25, 2145.549072265625, 2372.393310546875, 0.49645060300827026, 2333.661376953125, 2000.0, 2400.0
118.5, 2249.265380859375, 2073.015380859375, 0.4964475929737091, 2477.32080078125, 2000.0, 2400.0
118.75, 2239.076904296875, 2015.6455078125, 0.4964447319507599, 2444.3798828125, 2000.0, 2400.0
119.0, 2198.42333984375, 2003.7279052734375, 0.49644190073013306, 2372.3935546875, 2000.0, 2400.0
119.25, 2191.332275390625, 2000.7462158203125, 0.4964390993118286, 2380.07080078125, 2000.0, 2400.0
119.5, 2200.748046875, 1998.5009765625, 0.49643629789352417, 2406.9794921875, 2000.0, 2400.0
119.75, 2204.785888671875, 1997.673828125, 0.4964335262775421, 2410.2275390625, 2000.0, 2400.0
120.0, 2202.465576171875, 1996.4918212890625, 0.49643072485923767, 2401.2783203125, 2000.0, 2400.0
120.25, 2200.9814453125, 1997.5301513671875, 0.4964279234409332, 2398.718017578125, 2000.0, 2400.0
120.5, 2201.853515625, 2000.2359619140625, 0.4964251220226288, 2401.59423828125, 2000.0, 2400.0
120.75, 2202.84521484375, 2001.55908203125, 0.49642232060432434, 2403.346435546875, 2000.0, 2400.0
121.0, 2202.79736328125, 2001.5469970703125, 0.4964195191860199, 2402.759521484375, 2000.0, 2400.0
121.25, 2200.994140625, 1998.269775390625, 0.49641671776771545, 2400.641357421875, 2000.0, 2400.0
121.5, 2200.74169921875, 1997.6385498046875, 0.4964139461517334, 2400.451416015625, 2000.0, 2400.0
121.75, 2201.521484375, 2000.158447265625, 0.49641111493110657, 2401.3525390625, 2000.0, 2400.0
122.0, 2201.827880859375, 3340.277587890625, 0.49640795588493347, 2518.452392578125, 8000.0, 2720.0
122.25, 2201.32568359375, 7427.03173828125, 0.49640092253685, 2687.52490234375, 8000.0, 2720.0
122.5, 2201.13037109375, 8343.1484375, 0.49639055132865906, 2792.075439453125, 8000.0, 2720.0
122.75, 2201.613525390625, 7796.43310546875, 0.49638059735298157, 2743.075927734375, 8000.0, 2720.0
123.0, 1967.1114501953125, 8139.8115234375, 0.496370404958725, 2689.149169921875, 8000.0, 2720.0
123.25, 1575.660888671875, 7947.97021484375, 0.49636009335517883, 2699.87353515625, 8000.0, 2720.0
123.5, 1391.916015625, 8018.7138671875, 0.49634990096092224, 2727.529296875, 8000.0, 2720.0
123.75, 1442.05615234375, 7993.587890625, 0.49633973836898804, 2725.213134765625, 8000.0, 2720.0
124.0, 1500.43017578125, 7990.42822265625, 0.49632957577705383, 2713.9140625, 8000.0, 2720.0
124.25, 1503.7447509765625, 8000.67724609375, 0.49631938338279724, 2715.32861328125, 8000.0, 2720.0
124.5, 1495.1134033203125, 7998.55859375, 0.4963092505931854, 2721.5390625, 8000.0, 2720.0
124.75, 1493.833251953125, 8002.26806640625, 0.4962991178035736, 2721.979736328125, 8000.0, 2720.0
125.0, 1496.326416015625, 8001.86572265625, 0.4962890148162842, 2719.7568359375, 8000.0, 2720.0
125.25, 1496.6956787109375, 8000.65625, 0.4962787926197052, 2718.7841796875, 8000.0, 2720.0
125.5, 1497.61181640625, 7997.8076171875, 0.496268630027771, 2720.10302734375, 8000.0, 2720.0
125.75, 1498.79296875, 7996.8232421875, 0.4962584376335144, 2721.294921875, 8000.0, 2720.0
126.0, 1499.9976806640625, 7830.86083984375, 0.4962482750415802, 2901.477783203125, 7000.0, 3200.0
126.25, 1498.4854736328125, 7026.36865234375, 0.4962388575077057, 3115.391845703125, 7000.0, 3200.0
126.5, 1498.9334716796875, 7049.12890625, 0.49622976779937744, 3317.339599609375, 7000.0, 3200.0
126.75, 1499.5611572265625, 6994.083984375, 0.4962206780910492, 3282.062255859375, 7000.0, 3200.0
127.0, 1501.2825927734375, 7002.03466796875, 0.4962114989757538, 3149.102783203125, 7000.0, 3200.0
127.25, 1501.2041015625, 7001.1220703125, 0.49620240926742554, 3118.915283203125, 7000.0, 3200.0
127.5, 1500.0655517578125, 7000.05712890625, 0.4961932897567749, 3189.650634765625, 7000.0, 3200.0
127.75, 1501.14306640625, 6997.6083984375, 0.49618417024612427, 3237.352294921875, 7000.0, 3200.0
128.0, 1281.552001953125, 6998.48193359375, 0.496175080537796, 3200.49609375, 7000.0, 3200.0
128.25, 1027.5914306640625, 7000.9140625, 0.4961659610271454, 3169.137939453125, 7000.0, 3200.0
128.5, 933.3930053710938, 6998.0029296875, 0.49615684151649475, 3186.45849609375, 7000.0, 3200.0
128.75, 970.1959838867188, 6998.193359375, 0.4961477220058441, 3216.60791015625, 7000.0, 3200.0
129.0, 997.3123779296875, 7000.32080078125, 0.49613863229751587, 3206.90771484375, 7000.0, 3200.0
129.25, 996.6041870117188, 6999.10400390625, 0.49612948298454285, 3186.45068359375, 7000.0, 3200.0
129.5, 995.6090087890625, 6997.73779296875, 0.4961203336715698, 3190.855712890625, 7000.0, 3200.0
129.75, 997.0596313476562, 7000.599609375, 0.49611130356788635, 3206.760986328125, 7000.0, 3200.0
130.0, 997.592529296875, 5872.8681640625, 0.4961027204990387, 2959.476318359375, 5000.0, 2690.0
130.25, 997.0006713867188, 5173.775390625, 0.4960958957672119, 2677.169189453125, 5000.0, 2690.0
130.5, 998.7733154296875, 5031.18017578125, 0.4960893988609314, 2569.79150390625, 5000.0, 2690.0
130.75, 999.8057250976562, 5006.990234375, 0.4960830807685852, 2674.997802734375, 5000.0, 2690.0
131.0, 998.4209594726562, 4998.85888671875, 0.4960767924785614, 2740.59765625, 5000.0, 2690.0
131.25, 998.8164672851562, 4996.85205078125, 0.4960705637931824, 2696.97607421875, 5000.0, 2690.0
131.5, 999.6317138671875, 4997.20947265625, 0.49606433510780334, 2667.06591796875, 5000.0, 2690.0
131.75, 1001.315673828125, 5000.5322265625, 0.49605801701545715, 2684.5341796875, 5000.0, 2690.0
132.0, 999.9334106445312, 4998.3017578125, 0.49605175852775574, 2697.646484375, 5000.0, 2690.0
132.25, 999.8012084960938, 4997.68017578125, 0.4960455298423767, 2691.1787109375, 5000.0, 2690.0
132.5, 1000.1498413085938, 4998.41796875, 0.4960393011569977, 2684.460693359375, 5000.0, 2690.0
132.75, 1000.98193359375, 4998.8369140625, 0.49603304266929626, 2688.88671875, 5000.0, 2690.0
133.0, 1536.0086669921875, 5001.9609375, 0.49602675437927246, 2692.806396484375, 5000.0, 2690.0
133.25, 1996.31005859375, 5000.71533203125, 0.49602046608924866, 2689.806396484375, 5000.0, 2690.0
133.5, 2158.61865234375, 4999.96533203125, 0.49601423740386963, 2688.882080078125, 5000.0, 2690.0
133.75, 2048.4560546875, 5002.126953125, 0.4960080087184906, 2691.25732421875, 5000.0, 2690.0
134.0, 1973.35595703125, 5999.73486328125, 0.49600130319595337, 2872.497314453125, 6600.0, 3040.0
134.25, 1988.6209716796875, 6508.6416015625, 0.4959929585456848, 3046.12158203125, 6600.0, 3040.0
134.5, 2009.4219970703125, 6586.625, 0.49598461389541626, 3123.548095703125, 6600.0, 3040.0
134.75, 2009.377685546875, 6590.39208984375, 0.495976060628891, 3063.883544921875, 6600.0, 3040.0
135.0, 2003.5147705078125, 6599.46875, 0.4959675371646881, 2989.612548828125, 6600.0, 3040.0
135.25, 2002.4049072265625, 6599.72412109375, 0.49595895409584045, 3001.0400390625, 6600.0, 3040.0
135.5, 2003.674072265625, 6599.88427734375, 0.4959503710269928, 3044.512939453125, 6600.0, 3040.0
135.75, 2002.5140380859375, 6602.11328125, 0.49594175815582275, 3058.2529296875, 6600.0, 3040.0
136.0, 2001.8636474609375, 6602.2783203125, 0.4959332048892975, 3045.64599609375, 6600.0, 3040.0
136.25, 2002.1898193359375, 6599.70556640625, 0.49592456221580505, 3033.47216796875, 6600.0, 3040.0
136.5, 2002.841796875, 6600.56640625, 0.4959159195423126, 3033.818359375, 6600.0, 3040.0
136.75, 2001.6741943359375, 6602.736328125, 0.4959072768688202, 3038.545654296875, 6600.0, 3040.0
137.0, 2001.304443359375, 6602.6708984375, 0.4958987236022949, 3041.661865234375, 6600.0, 3040.0
137.25, 2001.10791015625, 6602.24755859375, 0.49589017033576965, 3039.923095703125, 6600.0, 3040.0
137.5, 2001.10498046875, 6602.3720703125, 0.4958816170692444, 3038.02490234375, 6600.0, 3040.0
137.75, 2001.531005859375, 6599.66552734375, 0.49587300419807434, 3039.268310546875, 6600.0, 3040.0
138.0, 2397.353271484375, 7113.3642578125, 0.49586430191993713, 2966.34716796875, 7500.0, 2900.0
138.25, 2678.746826171875, 7515.72998046875, 0.49585479497909546, 2896.50927734375, 7500.0, 2900.0
138.5, 2764.227294921875, 7462.02783203125, 0.4958451986312866, 2865.49267578125, 7500.0, 2900.0
138.75, 2635.6318359375, 7511.0380859375, 0.49583542346954346, 2889.830078125, 7500.0, 2900.0
139.0, 2587.193359375, 7497.73193359375, 0.49582579731941223, 2912.63720703125, 7500.0, 2900.0
139.25, 2633.169921875, 7502.18505859375, 0.4958161413669586, 2908.47119140625, 7500.0, 2900.0
139.5, 2658.390380859375, 7499.14453125, 0.49580639600753784, 2897.975830078125, 7500.0, 2900.0
139.75, 2637.37744140625, 7502.615234375, 0.49579665064811707, 2896.135498046875, 7500.0, 2900.0