Time, Ptotal,regD,Time regD,power
5832.25,13771.58301,-0.357200265,5832.25,11300.06489
5832.5,13771.58301,-0.36538041,5834.25,6346.1959
5832.75,13771.58301,-0.36314197,5836.25,6368.5803
5833,13771.58301,-0.360903498,5838.25,6390.96502
5833.25,13771.58301,-0.358665058,5840.25,6413.34942
5833.5,13771.58301,-0.356426618,5842.25,6435.73382
5833.75,13771.58301,-0.344836609,5844.25,6551.63391
5834,13771.58301,-0.333246601,5846.25,6667.53399
5834.25,13771.58301,-0.311513485,5848.25,6884.86515
5834.5,13511.63379,-0.289780339,5850.25,7102.19661
5834.75,13157.22852,-0.283356554,5852.25,7166.43446
5835,12865.25684,-0.27693277,5854.25,7230.6723
5835.25,12384.62695,-0.270508986,5856.25,7294.91014
5835.5,11985.29102,-0.264085217,5858.25,7359.14783
5835.75,11915.06055,-0.257661433,5860.25,7423.38567
5836,11378.66406,-0.258352184,5862.25,7416.47816
5836.25,10499.40137,-0.259042951,5864.25,7409.57049
5836.5,10155.99609,-0.259733701,5866.25,7402.66299
5836.75,9735.787109,-0.260424452,5868.25,7395.75548
5837,9301.777344,-0.246599702,5870.25,7534.00298
5837.25,9257.379883,-0.232774935,5872.25,7672.25065
5837.5,8853.195313,-0.218950185,5874.25,7810.49815
5837.75,8191.369629,-0.197101363,5876.25,8028.98637
5838,8003.95752,-0.175252556,5878.25,8247.47444
5838.25,8003.95752,-0.153403733,5880.25,8465.96267
5838.5,7892.06543,-0.131554919,5882.25,8684.45081
5838.75,7783.473145,-0.125743138,5884.25,8742.56862
5839,7783.473145,-0.119931364,5886.25,8800.68636
5839.25,7783.473145,-0.114119583,5888.25,8858.80417
5839.5,7576.186523,-0.123700116,5890.25,8762.99884
5839.75,7576.186523,-0.133280642,5892.25,8667.19358
5840,7576.186523,-0.142861175,5894.25,8571.38825
5840.25,7576.186523,-0.136943604,5896.25,8630.56396
5840.5,7201.207031,-0.131026017,5898.25,8689.73983
5840.75,7201.207031,-0.125108439,5900.25,8748.91561
5841,7201.207031,-0.106216126,5902.25,8937.83874
5841.25,7201.207031,-0.087323821,5904.25,9126.76179
5841.5,7115.710938,-0.068431508,5906.25,9315.68492
5841.75,7115.710938,-0.049539203,5908.25,9504.60797
5842,7115.710938,-0.030646891,5910.25,9693.53109
5842.25,7115.710938,-0.000482823,5912.25,9995.17177
5842.5,7115.710938,0.015711061,5914.25,10157.11061
5842.75,7115.710938,0.042560474,5916.25,10425.60474
5843,7115.710938,0.042560474,5918.25,10425.60474
5843.25,7115.710938,0.085195625,5920.25,10851.95625
5843.5,7115.710938,0.107601053,5922.25,11076.01053
5843.75,7115.710938,0.130006489,5924.25,11300.06489
5844,7115.710938,0.152411916,5926.25,11524.11916
5844.25,7115.710938,0.174817352,5928.25,11748.17352
5844.5,7115.710938,0.197222772,5930.25,11972.22772
5844.75,7115.710938,0.219628208,5932.25,12196.28208
5845,7115.710938,0.237743258,5934.25,12377.43258
5845.25,7115.710938,0.255858309,5936.25,12558.58309
5845.5,7115.710938,0.264889925,5938.25,12648.89925
5845.75,7115.710938,0.283595309,5940.25,12835.95309
5846,7115.710938,0.302300677,5942.25,13023.00677
5846.25,7115.710938,0.321006045,5944.25,13210.06045
5846.5,7115.710938,0.348003526,5946.25,13480.03526
5846.75,7115.710938,0.375000973,5948.25,13750.00973
5847,7115.710938,0.401998453,5950.25,14019.98453
5847.25,7115.710938,0.428995934,5952.25,14289.95934
5847.5,7115.710938,0.455993381,5954.25,14559.93381
5847.75,7115.710938,0.482990861,5956.25,14829.90861
5848,7115.710938,0.509337959,5958.25,15093.37959
5848.25,7115.710938,0.535685091,5960.25,15356.85091
5848.5,7115.710938,0.562032156,5962.25,15620.32156
5848.75,7115.710938,0.588379288,5964.25,15883.79288
5849,7115.710938,0.610277786,5966.25,16102.77786
5849.25,7115.710938,0.632176285,5968.25,16321.76285
5849.5,7115.710938,0.65407485,5970.25,16540.7485
5849.75,7115.710938,0.675973349,5972.25,16759.73349
5850,7115.710938,0.692508307,5974.25,16925.08307
5850.25,7115.710938,0.709043264,5976.25,17090.43264
5850.5,7115.710938,0.725578222,5978.25,17255.78222
5850.75,7115.710938,0.750301952,5980.25,17503.01952
5851,7115.710938,0.775025749,5982.25,17750.25749
5851.25,7115.710938,0.799749479,5984.25,17997.49479
5851.5,7115.710938,0.814456959,5986.25,18144.56959
5851.75,7115.710938,0.829164505,5988.25,18291.64505
5852,7115.710938,0.843871984,5990.25,18438.71984
5852.25,7115.710938,0.851326361,5992.25,18513.26361
5852.5,7115.710938,0.85878067,5994.25,18587.8067
5852.75,7115.710938,0.866235046,5996.25,18662.35046
5853,7115.710938,0.873689356,5998.25,18736.89356
5853.25,7115.710938,0.881143732,6000.25,18811.43732
5853.5,7115.710938,0.895457678,6002.25,18954.57678
5853.75,7115.710938,0.909771624,6004.25,19097.71624
5854,7115.710938,0.924085503,6006.25,19240.85503
5854.25,7115.710938,0.938399448,6008.25,19383.99448
5854.5,7115.710938,0.952713394,6010.25,19527.13394
5854.75,7123.082031,0.963963718,6012.25,19639.63718
5855,7123.166992,0.975214043,6014.25,19752.14043
5855.25,7137.021484,0.976906939,6016.25,19769.06939
5855.5,7155.564453,0.978599834,6018.25,19785.99834
5855.75,7200.003418,0.98029273,6020.25,19802.9273
5856,7225.80127,0.981985626,6022.25,19819.85626
5856.25,7263.380859,0.983678522,6024.25,19836.78522
5856.5,7285.030762,0.985371418,6026.25,19853.71418
5856.75,7317.574707,0.98854579,6028.25,19885.4579
5857,7345.348145,0.991720228,6030.25,19917.20228
5857.25,7369.353516,0.9948946,6032.25,19948.946
5857.5,7375.950684,0.98939908,6034.25,19893.9908
5857.75,7454.818359,0.983903561,6036.25,19839.03561
5858,7471.541504,0.983903561,6038.25,19839.03561
5858.25,7487.314941,0.983,6040.25,19830
5858.5,7488.59668,0.984,6042.25,19840
5858.75,7493.725098,0.984,6044.25,19840
5859,7500.154297,0.984,6046.25,19840
5859.25,7500.154297,0.985,6048.25,19850
5859.5,7500.154297,0.985,6050.25,19850
5859.75,7513.070801,0.985,6052.25,19850
5860,7513.070801,0.986,6054.25,19860
5860.25,7513.070801,0.987,6056.25,19870
5860.5,7513.070801,0.987,6058.25,19870
5860.75,7532.588379,0.987,6060.25,19870
5861,7532.588379,0.988,6062.25,19880
5861.25,7532.588379,0.989,6064.25,19890
5861.5,7532.588379,0.989,6066.25,19890
5861.75,7545.695313,0.988584709,6068.25,19885.84709
5862,7545.695313,0.996576402,6070.25,19965.76402
5862.25,7545.695313,0.98332704,6072.25,19833.2704
5862.5,7545.695313,0.970077678,6074.25,19700.77678
5862.75,7545.695313,,,
5863,7545.695313,,,
5863.25,7545.695313,,,
5863.5,7545.695313,,,
5863.75,7545.695313,,,
5864,7545.695313,,,
5864.25,7545.695313,,,
5864.5,7545.695313,,,
5864.75,7545.695313,,,
5865,7545.695313,,,
5865.25,7545.695313,,,
5865.5,7545.695313,,,
5865.75,7545.695313,,,
5866,7545.695313,,,
5866.25,7545.695313,,,
5866.5,7545.695313,,,
5866.75,7545.695313,,,
5867,7545.695313,,,
5867.25,7545.695313,,,
5867.5,7545.695313,,,
5867.75,7545.695313,,,
5868,7545.695313,,,
5868.25,7545.695313,,,
5868.5,7545.695313,,,
5868.75,7545.695313,,,
5869,7545.695313,,,
5869.25,7545.695313,,,
5869.5,7545.695313,,,
5869.75,7545.695313,,,
5870,7545.695313,,,
5870.25,7545.695313,,,
5870.5,7545.695313,,,
5870.75,7545.695313,,,
5871,7545.695313,,,
5871.25,7545.695313,,,
5871.5,7545.695313,,,
5871.75,7545.695313,,,
5872,7545.695313,,,
5872.25,7545.695313,,,
5872.5,7545.695313,,,
5872.75,7545.695313,,,
5873,7545.695313,,,
5873.25,7545.695313,,,
5873.5,7545.695313,,,
5873.75,7545.695313,,,
5874,7545.695313,,,
5874.25,7545.695313,,,
5874.5,7545.695313,,,
5874.75,7545.695313,,,
5875,7545.695313,,,
5875.25,7559.763672,,,
5875.5,7601.213867,,,
5875.75,7671.724121,,,
5876,7763.432129,,,
5876.25,7843.905273,,,
5876.5,7956.625,,,
5876.75,8017.582031,,,
5877,8031.941895,,,
5877.25,8152.473633,,,
5877.5,8194.314453,,,
5877.75,8249.588867,,,
5878,8447.324219,,,
5878.25,8518.62793,,,
5878.5,8523.15332,,,
5878.75,8523.15332,,,
5879,8596.219727,,,
5879.25,8602.617188,,,
5879.5,8602.617188,,,
5879.75,8650.772461,,,
5880,8674.508789,,,
5880.25,8675.243164,,,
5880.5,8675.243164,,,
5880.75,8707.917969,,,
5881,8731.175781,,,
5881.25,8731.175781,,,
5881.5,8731.175781,,,
5881.75,8732.12207,,,
5882,8769.15918,,,
5882.25,8769.15918,,,
5882.5,8769.15918,,,
5882.75,8769.15918,,,
5883,8769.15918,,,
5883.25,8769.15918,,,
5883.5,8769.15918,,,
5883.75,8769.15918,,,
5884,8769.15918,,,
5884.25,8769.15918,,,
5884.5,8769.15918,,,
5884.75,8769.15918,,,
5885,8769.15918,,,
5885.25,8769.15918,,,
5885.5,8769.15918,,,
5885.75,8769.15918,,,
5886,8769.15918,,,
5886.25,8769.15918,,,
5886.5,8769.15918,,,
5886.75,8769.15918,,,
5887,8769.15918,,,
5887.25,8769.15918,,,
5887.5,8769.15918,,,
5887.75,8769.15918,,,
5888,8769.15918,,,
5888.25,8769.15918,,,
5888.5,8769.15918,,,
5888.75,8769.15918,,,
5889,8769.15918,,,
5889.25,8769.15918,,,
5889.5,8769.15918,,,
5889.75,8769.15918,,,
5890,8769.15918,,,
5890.25,8769.15918,,,
5890.5,8769.15918,,,
5890.75,8769.15918,,,
5891,8769.15918,,,
5891.25,8769.15918,,,
5891.5,8769.15918,,,
5891.75,8769.15918,,,
5892,8769.15918,,,
5892.25,8769.15918,,,
5892.5,8769.15918,,,
5892.75,8769.15918,,,
5893,8769.15918,,,
5893.25,8769.15918,,,
5893.5,8769.15918,,,
5893.75,8769.15918,,,
5894,8769.15918,,,
5894.25,8769.15918,,,
5894.5,8769.15918,,,
5894.75,8769.15918,,,
5895,8769.15918,,,
5895.25,8769.15918,,,
5895.5,8782.801758,,,
5895.75,8799.959961,,,
5896,8860.020508,,,
5896.25,8906.686523,,,
5896.5,8954.446289,,,
5896.75,9067.669922,,,
5897,9123.024414,,,
5897.25,9160.75,,,
5897.5,9208.527344,,,
5897.75,9264.587891,,,
5898,9338.125977,,,
5898.25,9455.099609,,,
5898.5,9497.989258,,,
5898.75,9497.989258,,,
5899,9554.148438,,,
5899.25,9564.597656,,,
5899.5,9569.363281,,,
5899.75,9569.363281,,,
5900,9596.860352,,,
5900.25,9610.713867,,,
5900.5,9610.713867,,,
5900.75,9610.713867,,,
5901,9666.833984,,,
5901.25,9666.833984,,,
5901.5,9666.833984,,,
5901.75,9666.833984,,,
5902,9695.316406,,,
5902.25,9695.316406,,,
5902.5,9695.316406,,,
5902.75,9695.316406,,,
5903,9695.316406,,,
5903.25,9695.316406,,,
5903.5,9695.316406,,,
5903.75,9695.316406,,,
5904,9695.316406,,,
5904.25,9695.316406,,,
5904.5,9695.316406,,,
5904.75,9695.316406,,,
5905,9695.316406,,,
5905.25,9695.316406,,,
5905.5,9695.316406,,,
5905.75,9695.316406,,,
5906,9695.316406,,,
5906.25,9695.316406,,,
5906.5,9695.316406,,,
5906.75,9695.316406,,,
5907,9695.316406,,,
5907.25,9695.316406,,,
5907.5,9695.316406,,,
5907.75,9695.316406,,,
5908,9695.316406,,,
5908.25,9695.316406,,,
5908.5,9695.316406,,,
5908.75,9695.316406,,,
5909,9695.316406,,,
5909.25,9695.316406,,,
5909.5,9695.316406,,,
5909.75,9695.316406,,,
5910,9695.316406,,,
5910.25,9695.316406,,,
5910.5,9695.316406,,,
5910.75,9695.316406,,,
5911,9695.316406,,,
5911.25,9695.316406,,,
5911.5,9695.316406,,,
5911.75,9695.316406,,,
5912,9695.316406,,,
5912.25,9695.316406,,,
5912.5,9695.316406,,,
5912.75,9695.316406,,,
5913,9695.316406,,,
5913.25,9695.316406,,,
5913.5,9695.316406,,,
5913.75,9695.316406,,,
5914,9695.316406,,,
5914.25,9695.316406,,,
5914.5,9695.316406,,,
5914.75,9695.316406,,,
5915,9695.316406,,,
5915.25,9695.316406,,,
5915.5,9695.316406,,,
5915.75,9695.316406,,,
5916,9695.316406,,,
5916.25,9901.835938,,,
5916.5,9990.081055,,,
5916.75,10193.12891,,,
5917,10360.81641,,,
5917.25,10410.83984,,,
5917.5,10587.41797,,,
5917.75,10737.60938,,,
5918,10860.42578,,,
5918.25,11164.64648,,,
5918.5,11262.47852,,,
5918.75,11361.69824,,,
5919,11361.69824,,,
5919.25,11640.72363,,,
5919.5,11652.55176,,,
5919.75,11652.55176,,,
5920,11654.52637,,,
5920.25,11718.73633,,,
5920.5,11752.36816,,,
5920.75,11752.36816,,,
5921,11752.36816,,,
5921.25,11855.42773,,,
5921.5,11855.42773,,,
5921.75,11855.42773,,,
5922,11855.42773,,,
5922.25,11961.73047,,,
5922.5,11961.73047,,,
5922.75,11961.73047,,,
5923,11961.73047,,,
5923.25,11961.73047,,,
5923.5,11961.73047,,,
5923.75,11961.73047,,,
5924,11961.73047,,,
5924.25,11961.73047,,,
5924.5,11961.73047,,,
5924.75,11961.73047,,,
5925,11961.73047,,,
5925.25,11961.73047,,,
5925.5,11961.73047,,,
5925.75,11961.73047,,,
5926,11961.73047,,,
5926.25,11961.73047,,,
5926.5,11961.73047,,,
5926.75,11961.73047,,,
5927,11961.73047,,,
5927.25,11961.73047,,,
5927.5,11961.73047,,,
5927.75,11961.73047,,,
5928,11961.73047,,,
5928.25,11961.73047,,,
5928.5,11961.73047,,,
5928.75,11961.73047,,,
5929,11961.73047,,,
5929.25,11961.73047,,,
5929.5,11961.73047,,,
5929.75,11961.73047,,,
5930,11961.73047,,,
5930.25,11961.73047,,,
5930.5,11961.73047,,,
5930.75,11961.73047,,,
5931,11961.73047,,,
5931.25,11961.73047,,,
5931.5,11961.73047,,,
5931.75,11961.73047,,,
5932,11961.73047,,,
5932.25,11961.73047,,,
5932.5,11961.73047,,,
5932.75,11961.73047,,,
5933,11961.73047,,,
5933.25,11961.73047,,,
5933.5,11961.73047,,,
5933.75,11961.73047,,,
5934,11961.73047,,,
5934.25,11961.73047,,,
5934.5,11961.73047,,,
5934.75,11961.73047,,,
5935,11961.73047,,,
5935.25,11961.73047,,,
5935.5,11961.73047,,,
5935.75,11961.73047,,,
5936,11961.73047,,,
5936.25,12008.04785,,,
5936.5,12119.74219,,,
5936.75,12210.1123,,,
5937,12431.75488,,,
5937.25,12564.98242,,,
5937.5,12610.75684,,,
5937.75,12794.91113,,,
5938,12923.03125,,,
5938.25,13029.91406,,,
5938.5,13237.41602,,,
5938.75,13354.57324,,,
5939,13377.91699,,,
5939.25,13476.9834,,,
5939.5,13678.43652,,,
5939.75,13714.16211,,,
5940,13720.68262,,,
5940.25,13750.55273,,,
5940.5,13780.66406,,,
5940.75,13780.66406,,,
5941,13780.66406,,,
5941.25,13903.53516,,,
5941.5,13903.53516,,,
5941.75,13903.53516,,,
5942,13903.53516,,,
5942.25,13971.13867,,,
5942.5,13998.2334,,,
5942.75,13998.2334,,,
5943,13998.2334,,,
5943.25,13998.2334,,,
5943.5,13998.2334,,,
5943.75,13998.2334,,,
5944,13998.2334,,,
5944.25,13998.2334,,,
5944.5,13998.2334,,,
5944.75,13998.2334,,,
5945,13998.2334,,,
5945.25,13998.2334,,,
5945.5,13998.2334,,,
5945.75,13998.2334,,,
5946,13998.2334,,,
5946.25,13998.2334,,,
5946.5,13998.2334,,,
5946.75,13998.2334,,,
5947,13998.2334,,,
5947.25,13998.2334,,,
5947.5,13998.2334,,,
5947.75,13998.2334,,,
5948,13998.2334,,,
5948.25,13998.2334,,,
5948.5,13998.2334,,,
5948.75,13998.2334,,,
5949,13998.2334,,,
5949.25,13998.2334,,,
5949.5,13998.2334,,,
5949.75,13998.2334,,,
5950,13998.2334,,,
5950.25,13998.2334,,,
5950.5,13998.2334,,,
5950.75,13998.2334,,,
5951,13998.2334,,,
5951.25,13998.2334,,,
5951.5,13998.2334,,,
5951.75,13998.2334,,,
5952,13998.2334,,,
5952.25,13998.2334,,,
5952.5,13998.2334,,,
5952.75,13998.2334,,,
5953,13998.2334,,,
5953.25,13998.2334,,,
5953.5,13998.2334,,,
5953.75,13998.2334,,,
5954,13998.2334,,,
5954.25,13998.2334,,,
5954.5,13998.2334,,,
5954.75,13998.2334,,,
5955,13998.2334,,,
5955.25,13998.2334,,,
5955.5,13998.2334,,,
5955.75,13998.2334,,,
5956,13998.2334,,,
5956.25,13998.2334,,,
5956.5,14120.95117,,,
5956.75,14199.74023,,,
5957,14370.04688,,,
5957.25,14523.16016,,,
5957.5,14666.01953,,,
5957.75,14764.38379,,,
5958,14920.53516,,,
5958.25,15184.43457,,,
5958.5,15401.78711,,,
5958.75,15610.52051,,,
5959,15740.2666,,,
5959.25,15759.71875,,,
5959.5,16050.76074,,,
5959.75,16110.53027,,,
5960,16162.52734,,,
5960.25,16162.52734,,,
5960.5,16199.24609,,,
5960.75,16236.27734,,,
5961,16236.27734,,,
5961.25,16236.27734,,,
5961.5,16349.24512,,,
5961.75,16349.24512,,,
5962,16349.24512,,,
5962.25,16349.24512,,,
5962.5,16465.02539,,,
5962.75,16465.02539,,,
5963,16465.02539,,,
5963.25,16465.02539,,,
5963.5,16504.24219,,,
5963.75,16504.24219,,,
5964,16504.24219,,,
5964.25,16504.24219,,,
5964.5,16504.24219,,,
5964.75,16504.24219,,,
5965,16504.24219,,,
5965.25,16504.24219,,,
5965.5,16504.24219,,,
5965.75,16504.24219,,,
5966,16504.24219,,,
5966.25,16504.24219,,,
5966.5,16504.24219,,,
5966.75,16504.24219,,,
5967,16504.24219,,,
5967.25,16504.24219,,,
5967.5,16504.24219,,,
5967.75,16504.24219,,,
5968,16504.24219,,,
5968.25,16504.24219,,,
5968.5,16504.24219,,,
5968.75,16504.24219,,,
5969,16504.24219,,,
5969.25,16504.24219,,,
5969.5,16504.24219,,,
5969.75,16504.24219,,,
5970,16504.24219,,,
5970.25,16504.24219,,,
5970.5,16504.24219,,,
5970.75,16504.24219,,,
5971,16504.24219,,,
5971.25,16504.24219,,,
5971.5,16504.24219,,,
5971.75,16504.24219,,,
5972,16504.24219,,,
5972.25,16504.24219,,,
5972.5,16504.24219,,,
5972.75,16504.24219,,,
5973,16504.24219,,,
5973.25,16504.24219,,,
5973.5,16504.24219,,,
5973.75,16504.24219,,,
5974,16504.24219,,,
5974.25,16504.24219,,,
5974.5,16504.24219,,,
5974.75,16504.24219,,,
5975,16504.24219,,,
5975.25,16504.24219,,,
5975.5,16504.24219,,,
5975.75,16504.24219,,,
5976,16504.24219,,,
5976.25,16504.24219,,,
5976.5,16504.24219,,,
5976.75,16652.37695,,,
5977,16689.61719,,,
5977.25,16818.06055,,,
5977.5,16918.20117,,,
5977.75,16983.50195,,,
5978,17137.30078,,,
5978.25,17304.16602,,,
5978.5,17384.38281,,,
5978.75,17549.23633,,,
5979,17671.4375,,,
5979.25,17757.18945,,,
5979.5,17771.69531,,,
5979.75,18085.45508,,,
5980,18094.91992,,,
5980.25,18133.81055,,,
5980.5,18161.74023,,,
5980.75,18161.74023,,,
5981,18189.82422,,,
5981.25,18189.82422,,,
5981.5,18236.24805,,,
5981.75,18275.00391,,,
5982,18275.00391,,,
5982.25,18275.00391,,,
5982.5,18275.00391,,,
5982.75,18361.57617,,,
5983,18361.57617,,,
5983.25,18361.57617,,,
5983.5,18361.57617,,,
5983.75,18390.74414,,,
5984,18390.74414,,,
5984.25,18390.74414,,,
5984.5,18390.74414,,,
5984.75,18390.74414,,,
5985,18390.74414,,,
5985.25,18390.74414,,,
5985.5,18390.74414,,,
5985.75,18390.74414,,,
5986,18390.74414,,,
5986.25,18390.74414,,,
5986.5,18390.74414,,,
5986.75,18390.74414,,,
5987,18390.74414,,,
5987.25,18390.74414,,,
5987.5,18390.74414,,,
5987.75,18390.74414,,,
5988,18390.74414,,,
5988.25,18390.74414,,,
5988.5,18390.74414,,,
5988.75,18390.74414,,,
5989,18390.74414,,,
5989.25,18390.74414,,,
5989.5,18390.74414,,,
5989.75,18390.74414,,,
5990,18390.74414,,,
5990.25,18390.74414,,,
5990.5,18390.74414,,,
5990.75,18390.74414,,,
5991,18390.74414,,,
5991.25,18390.74414,,,
5991.5,18390.74414,,,
5991.75,18390.74414,,,
5992,18390.74414,,,
5992.25,18390.74414,,,
5992.5,18390.74414,,,
5992.75,18390.74414,,,
5993,18390.74414,,,
5993.25,18390.74414,,,
5993.5,18390.74414,,,
5993.75,18390.74414,,,
5994,18390.74414,,,
5994.25,18390.74414,,,
5994.5,18390.74414,,,
5994.75,18390.74414,,,
5995,18390.74414,,,
5995.25,18390.74414,,,
5995.5,18390.74414,,,
5995.75,18390.74414,,,
5996,18390.74414,,,
5996.25,18390.74414,,,
5996.5,18390.74414,,,
5996.75,18390.74414,,,
5997,18449.83398,,,
5997.25,18476.72461,,,
5997.5,18529.37109,,,
5997.75,18602.66016,,,
5998,18616.05859,,,
5998.25,18700.44531,,,
5998.5,18834.41602,,,
5998.75,18888.63477,,,
5999,18966.43555,,,
5999.25,19051.06641,,,
5999.5,19070.52539,,,
5999.75,19117.41602,,,
6000,19271.58203,,,
6000.25,19325.23633,,,
6000.5,19325.23633,,,
6000.75,19341.39844,,,
6001,19357.60742,,,
6001.25,19357.60742,,,
6001.5,19357.60742,,,
6001.75,19390.16602,,,
6002,19390.16602,,,
6002.25,19390.16602,,,
6002.5,19390.16602,,,
6002.75,19443.49414,,,
6003,19455.8457,,,
6003.25,19455.8457,,,
6003.5,19455.8457,,,
6003.75,19471.96875,,,
6004,19472.38281,,,
6004.25,19472.38281,,,
6004.5,19472.38281,,,
6004.75,19472.38281,,,
6005,19472.38281,,,
6005.25,19472.38281,,,
6005.5,19472.38281,,,
6005.75,19472.38281,,,
6006,19472.38281,,,
6006.25,19472.38281,,,
6006.5,19472.38281,,,
6006.75,19472.38281,,,
6007,19472.38281,,,
6007.25,19472.38281,,,
6007.5,19472.38281,,,
6007.75,19472.38281,,,
6008,19472.38281,,,
6008.25,19472.38281,,,
6008.5,19472.38281,,,
6008.75,19472.38281,,,
6009,19472.38281,,,
6009.25,19472.38281,,,
6009.5,19472.38281,,,
6009.75,19472.38281,,,
6010,19472.38281,,,
6010.25,19472.38281,,,
6010.5,19472.38281,,,
6010.75,19472.38281,,,
6011,19472.38281,,,
6011.25,19472.38281,,,
6011.5,19472.38281,,,
6011.75,19472.38281,,,
6012,19472.38281,,,
6012.25,19472.38281,,,
6012.5,19472.38281,,,
6012.75,19472.38281,,,
6013,19472.38281,,,
6013.25,19472.38281,,,
6013.5,19472.38281,,,
6013.75,19472.38281,,,
6014,19472.38281,,,
6014.25,19472.38281,,,
6014.5,19472.38281,,,
6014.75,19472.38281,,,
6015,19472.38281,,,
6015.25,19472.38281,,,
6015.5,19472.38281,,,
6015.75,19472.38281,,,
6016,19472.38281,,,
6016.25,19472.38281,,,
6016.5,19472.38281,,,
6016.75,19472.38281,,,
6017,19472.38281,,,
6017.25,19474.32422,,,
6017.5,19483.9375,,,
6017.75,19499.52148,,,
6018,19541.25781,,,
6018.25,19555.67578,,,
6018.5,19588.24805,,,
6018.75,19620.05273,,,
6019,19638.05078,,,
6019.25,19666.29883,,,
6019.5,19684.0332,,,
6019.75,19697.02539,,,
6020,19763.92969,,,
6020.25,19792,,,
6020.5,19807.36328,,,
6020.75,19807.36328,,,
6021,19813.19531,,,
6021.25,19819.0332,,,
6021.5,19819.0332,,,
6021.75,19819.0332,,,
6022,19830.72656,,,
6022.25,19830.72656,,,
6022.5,19830.72656,,,
6022.75,19830.72656,,,
6023,19848.30859,,,
6023.25,19848.30859,,,
6023.5,19848.30859,,,
6023.75,19848.30859,,,
6024,19860.05859,,,
6024.25,19860.05859,,,
6024.5,19860.05859,,,
6024.75,19860.05859,,,
6025,19860.05859,,,
6025.25,19860.05859,,,
6025.5,19860.05859,,,
6025.75,19860.05859,,,
6026,19860.05859,,,
6026.25,19860.05859,,,
6026.5,19860.05859,,,
6026.75,19860.05859,,,
6027,19860.05859,,,
6027.25,19860.05859,,,
6027.5,19860.05859,,,
6027.75,19860.05859,,,
6028,19860.05859,,,
6028.25,19860.05859,,,
6028.5,19860.05859,,,
6028.75,19860.05859,,,
6029,19860.05859,,,
6029.25,19860.05859,,,
6029.5,19860.05859,,,
6029.75,19860.05859,,,
6030,19860.05859,,,
6030.25,19860.05859,,,
6030.5,19860.05859,,,
6030.75,19860.05859,,,
6031,19860.05859,,,
6031.25,19860.05859,,,
6031.5,19860.05859,,,
6031.75,19860.05859,,,
6032,19860.05859,,,
6032.25,19860.05859,,,
6032.5,19860.05859,,,
6032.75,19860.05859,,,
6033,19860.05859,,,
6033.25,19860.05859,,,
6033.5,19860.05859,,,
6033.75,19860.05859,,,
6034,19860.05859,,,
6034.25,19860.05859,,,
6034.5,19860.05859,,,
6034.75,19860.05859,,,
6035,19860.05859,,,
6035.25,19860.05859,,,
6035.5,19860.05859,,,
6035.75,19860.05859,,,
6036,19860.05859,,,
6036.25,19860.05859,,,
6036.5,19860.05859,,,
6036.75,19860.05859,,,
6037,19860.05859,,,
6037.25,19860.05859,,,
6037.5,19860.05859,,,
6037.75,19857.46875,,,
6038,19853.8418,,,
6038.25,19848.61133,,,
6038.5,19844.55859,,,
6038.75,19838.50195,,,
6039,19833.95898,,,
6039.25,19833.125,,,
6039.5,19827.66992,,,
6039.75,19824.72656,,,
6040,19821.73047,,,
6040.25,19811.80664,,,
6040.5,19809.82422,,,
6040.75,19807.25391,,,
6041,19807.25391,,,
6041.25,19802.55078,,,
6041.5,19802.22461,,,
6041.75,19802.22461,,,
6042,19799.60547,,,
6042.25,19798.44727,,,
6042.5,19798.17969,,,
6042.75,19798.17969,,,
6043,19797.40625,,,
6043.25,19795.14844,,,
6043.5,19795.14844,,,
6043.75,19795.14844,,,
6044,19795.13281,,,
6044.25,19793.12891,,,
6044.5,19793.12891,,,
6044.75,19793.12891,,,
6045,19793.12891,,,
6045.25,19793.12891,,,
6045.5,19793.12891,,,
6045.75,19793.12891,,,
6046,19793.12891,,,
6046.25,19793.12891,,,
6046.5,19793.12891,,,
6046.75,19793.12891,,,
6047,19793.12891,,,
6047.25,19793.12891,,,
6047.5,19793.12891,,,
6047.75,19793.12891,,,
6048,19793.12891,,,
6048.25,19793.12891,,,
6048.5,19793.12891,,,
6048.75,19793.12891,,,
6049,19793.12891,,,
6049.25,19793.12891,,,
6049.5,19793.12891,,,
6049.75,19793.12891,,,
6050,19793.12891,,,
6050.25,19793.12891,,,
6050.5,19793.12891,,,
6050.75,19793.12891,,,
6051,19793.12891,,,
6051.25,19793.12891,,,
6051.5,19793.12891,,,
6051.75,19793.12891,,,
6052,19793.12891,,,
6052.25,19793.12891,,,
6052.5,19793.12891,,,
6052.75,19793.12891,,,
6053,19793.12891,,,
6053.25,19793.12891,,,
6053.5,19793.12891,,,
6053.75,19793.12891,,,
6054,19793.12891,,,
6054.25,19793.12891,,,
6054.5,19793.12891,,,
6054.75,19793.12891,,,
6055,19793.12891,,,
6055.25,19793.12891,,,
6055.5,19793.12891,,,
6055.75,19793.12891,,,
6056,19793.12891,,,
6056.25,19793.12891,,,
6056.5,19793.12891,,,
6056.75,19793.12891,,,
6057,19793.12891,,,
6057.25,19793.12891,,,
6057.5,19793.12891,,,
6057.75,19794.86328,,,
6058,19795.30469,,,
6058.25,19801.1543,,,
6058.5,19807.57813,,,
6058.75,19815.38672,,,
6059,19830.66797,,,
6059.25,19837.07617,,,
6059.5,19839.87305,,,
6059.75,19849.49414,,,
6060,19856.01953,,,
6060.25,19864.19531,,,
6060.5,19876.80859,,,
6060.75,19882.76758,,,
6061,19882.76758,,,
6061.25,19886.44141,,,
6061.5,19892.0293,,,
6061.75,19892.5918,,,
6062,19892.5918,,,
6062.25,19896.06445,,,
6062.5,19897.80078,,,
6062.75,19897.80078,,,
6063,19897.80078,,,
6063.25,19903.01367,,,
6063.5,19903.01367,,,
6063.75,19903.01367,,,
6064,19903.01367,,,
6064.25,19908.23242,,,
6064.5,19908.23242,,,
6064.75,19908.23242,,,
6065,19908.23242,,,
6065.25,19908.23242,,,
6065.5,19908.23242,,,
6065.75,19908.23242,,,
6066,19908.23242,,,
6066.25,19908.23242,,,
6066.5,19908.23242,,,
6066.75,19908.23242,,,
6067,19908.23242,,,
6067.25,19908.23242,,,
6067.5,19908.23242,,,
6067.75,19908.23242,,,
6068,19908.23242,,,
6068.25,19908.23242,,,
6068.5,19908.23242,,,
6068.75,19908.23242,,,
6069,19908.23242,,,
6069.25,19908.23242,,,
6069.5,19908.23242,,,
6069.75,19908.23242,,,
6070,19908.23242,,,
6070.25,19908.23242,,,
6070.5,19908.23242,,,
6070.75,19908.23242,,,
6071,19908.23242,,,
6071.25,19908.23242,,,
6071.5,19908.23242,,,
6071.75,19908.23242,,,
6072,19908.23242,,,
6072.25,19908.23242,,,
6072.5,19908.23242,,,
6072.75,19908.23242,,,
6073,19908.23242,,,
6073.25,19908.23242,,,
6073.5,19908.23242,,,
6073.75,19908.23242,,,
6074,19908.23242,,,
6074.25,19908.23242,,,
6074.5,19908.23242,,,
6074.75,19908.23242,,,
6075,19908.23242,,,
6075.25,19908.23242,,,
6075.5,19908.23242,,,
6075.75,19908.23242,,,
6076,19908.23242,,,
6076.25,19908.23242,,,
6076.5,19908.23242,,,
6076.75,19908.23242,,,
6077,19908.23242,,,
6077.25,19908.23242,,,
6077.5,19908.23242,,,
6077.75,19908.23242,,,
6078,19908.23242,,,
6078.25,19908.23242,,,
6078.5,19908.23242,,,
6078.75,19908.23242,,,
6079,19908.23242,,,
6079.25,19908.23242,,,
6079.5,19908.23242,,,
6079.75,19908.23242,,,
6080,19908.23242,,,
6080.25,19908.23242,,,
6080.5,19908.23242,,,
6080.75,19908.23242,,,
6081,19908.23242,,,
6081.25,19908.23242,,,
6081.5,19908.23242,,,
6081.75,19908.23242,,,
6082,19908.23242,,,
6082.25,19908.23242,,,
6082.5,19908.23242,,,
6082.75,19908.23242,,,
6083,19908.23242,,,
6083.25,19908.23242,,,
6083.5,19908.23242,,,
6083.75,19908.23242,,,
6084,19908.23242,,,
6084.25,19908.23242,,,
6084.5,19908.23242,,,
6084.75,19908.23242,,,
6085,19908.23242,,,
6085.25,19908.23242,,,
6085.5,19908.23242,,,
6085.75,19908.23242,,,
6086,19908.23242,,,
6086.25,19908.23242,,,
6086.5,19908.23242,,,
6086.75,19908.23242,,,
6087,19908.23242,,,
6087.25,19908.23242,,,
6087.5,19908.23242,,,
6087.75,19908.23242,,,
6088,19908.23242,,,
6088.25,19908.23242,,,
6088.5,19908.23242,,,
6088.75,19908.23242,,,
6089,19908.23242,,,
6089.25,19908.23242,,,
6089.5,19908.23242,,,
6089.75,19908.23242,,,
6090,19908.23242,,,
6090.25,19908.23242,,,
6090.5,19908.23242,,,
6090.75,19908.23242,,,
6091,19908.23242,,,
6091.25,19908.23242,,,
6091.5,19908.23242,,,
6091.75,19908.23242,,,
6092,19908.23242,,,
6092.25,19908.23242,,,
6092.5,19908.23242,,,
6092.75,19908.23242,,,
6093,19908.23242,,,
6093.25,19908.23242,,,
6093.5,19908.23242,,,
6093.75,19908.23242,,,
6094,19908.23242,,,
6094.25,19908.23242,,,
6094.5,19908.23242,,,
6094.75,19908.23242,,,
6095,19908.23242,,,
6095.25,19908.23242,,,
6095.5,19908.23242,,,
6095.75,19908.23242,,,
6096,19908.23242,,,
6096.25,19908.23242,,,
6096.5,19908.23242,,,
6096.75,19908.23242,,,
6097,19908.23242,,,
6097.25,19908.23242,,,
6097.5,19908.23242,,,
6097.75,19908.23242,,,
6098,19908.23242,,,
6098.25,19908.23242,,,
6098.5,19908.23242,,,
6098.75,19908.23242,,,
6099,19908.23242,,,
6099.25,19908.23242,,,
6099.5,19908.23242,,,
6099.75,19908.23242,,,
6100,19908.23242,,,
6100.25,19908.23242,,,
6100.5,19908.23242,,,
6100.75,19908.23242,,,
6101,19908.23242,,,
6101.25,19908.23242,,,
6101.5,19908.23242,,,
6101.75,19908.23242,,,
6102,19908.23242,,,
6102.25,19908.23242,,,
6102.5,19908.23242,,,
