Time, RegD [W], Tie Power [W], Total Pref [W]
0.25, 25.0, 6098.2431640625, 0.0
0.5, 25.0, 12307.703125, 0.0
0.75, 25.0, 13937.6357421875, 0.0
1.0, 25.0, 14233.87890625, 0.0
1.25, 25.0, 14194.6630859375, 0.0
1.5, 25.0, 14071.7431640625, 0.0
1.75, 25.0, 13917.3046875, 0.0
2.0, 25.0, 13657.517578125, 0.0
2.25, 25.0, 13450.7998046875, 0.0
2.5, 25.0, 13312.9296875, 0.0
2.75, 25.0, 13194.380859375, 0.0
3.0, 25.0, 13095.97265625, 0.0
3.25, 25.0, 13017.884765625, 0.0
3.5, 25.0, 12949.15625, 0.0
3.75, 25.0, 12890.595703125, 0.0
4.0, 25.0, 12823.6083984375, 0.0
4.25, 25.0, 12744.9736328125, 0.0
4.5, 25.0, 12650.3330078125, 0.0
4.75, 25.0, 12544.4296875, 0.0
5.0, 25.0, 12444.0556640625, 0.0
5.25, 25.0, 12357.16796875, 0.0
5.5, 25.0, 12274.8359375, 0.0
5.75, 25.0, 12196.4462890625, 0.0
6.0, 25.0, 12118.423828125, 0.0
6.25, 25.0, 12032.0361328125, 0.0
6.5, 25.0, 11934.791015625, 0.0
6.75, 25.0, 11838.7392578125, 0.0
7.0, -6.501049995422363, 11749.9765625, 0.0
7.25, -6.501049995422363, 11679.333984375, 0.0
7.5, -6.501049995422363, 11620.69921875, 0.0
7.75, -6.501049995422363, 11574.498046875, 0.0
8.0, -6.501049995422363, 11525.3740234375, 0.0
8.25, -6.501049995422363, 11465.533203125, 0.0
8.5, -6.501049995422363, 11394.6552734375, 0.0
8.75, -6.501049995422363, 11315.1728515625, 0.0
9.0, -6.501049995422363, 11229.876953125, 0.0
9.25, -6.501049995422363, 11147.81640625, 0.0
9.5, -6.501049995422363, 11077.6240234375, 0.0
9.75, -6.501049995422363, 11015.0126953125, 0.0
10.0, -6.501049995422363, 10950.13671875, 0.0
10.25, -6.501049995422363, 10885.7451171875, 0.0
10.5, -6.501049995422363, 10802.1943359375, 0.0
10.75, -6.501049995422363, 10723.9599609375, 0.0
11.0, -60.50144958496094, 10645.2880859375, 0.0
11.25, -60.50144958496094, 10579.2568359375, 0.0
11.5, -60.50144958496094, 10527.5673828125, 0.0
11.75, -60.50144958496094, 10488.4833984375, 0.0
12.0, -60.50144958496094, 10454.3173828125, 0.0
12.25, -60.50144958496094, 10414.341796875, 0.0
12.5, -60.50144958496094, 10363.0185546875, 0.0
12.75, -60.50144958496094, 10297.2001953125, 0.0
13.0, -60.50144958496094, 10230.71875, 0.0
13.25, -60.50144958496094, 10161.939453125, 0.0
13.5, -60.50144958496094, 10095.9775390625, 0.0
13.75, -60.50144958496094, 10044.7392578125, 0.0
14.0, -60.50144958496094, 9995.33203125, 0.0
14.25, -60.50144958496094, 9940.5673828125, 0.0
14.5, -60.50144958496094, 9881.48828125, 0.0
14.75, -60.50144958496094, 9816.892578125, 0.0
15.0, -148.50245666503906, 9747.51953125, 0.0
15.25, -148.50245666503906, 9687.2158203125, 0.0
15.5, -148.50245666503906, 9637.119140625, 0.0
15.75, -148.50245666503906, 9606.3916015625, 0.0
16.0, -148.50245666503906, 9579.8232421875, 0.0
16.25, -148.50245666503906, 9553.9658203125, 0.0
16.5, -148.50245666503906, 9519.5224609375, 0.0
16.75, -148.50245666503906, 9476.7421875, 0.0
17.0, -148.50245666503906, 7475.4794921875, 0.0
17.25, -148.50245666503906, 6215.86328125, 0.0
17.5, -148.50245666503906, 5543.236328125, 0.0
17.75, -148.50245666503906, 5145.8818359375, 0.0
18.0, -148.50245666503906, 4837.42236328125, 0.0
18.25, -148.50245666503906, 4550.83935546875, 0.0
18.5, -148.50245666503906, 4296.087890625, 0.0
18.75, -148.50245666503906, 4068.839111328125, 0.0
19.0, -257.7528381347656, 3827.297119140625, 0.0
19.25, -257.7528381347656, 3623.42236328125, 0.0
19.5, -257.7528381347656, 3429.26953125, 0.0
19.75, -257.7528381347656, 3244.01318359375, 0.0
20.0, -257.7528381347656, 3078.26708984375, 0.0
20.25, -257.7528381347656, 2916.520263671875, 0.0
20.5, -257.7528381347656, 2760.782958984375, 0.0
20.75, -257.7528381347656, 2603.982421875, 0.0
21.0, -257.7528381347656, 2451.27783203125, 0.0
21.25, -257.7528381347656, 2318.628662109375, 0.0
21.5, -257.7528381347656, 2172.3564453125, 0.0
21.75, -257.7528381347656, 2043.8682861328125, 0.0
22.0, -257.7528381347656, 1911.3619384765625, 0.0
22.25, -257.7528381347656, 1791.8406982421875, 0.0
22.5, -257.7528381347656, 1669.384765625, 0.0
22.75, -257.7528381347656, 1554.64013671875, 0.0
23.0, -370.7528381347656, 1441.796142578125, 0.0
23.25, -370.7528381347656, 1330.559326171875, 0.0
23.5, -370.7528381347656, 1218.3941650390625, 0.0
23.75, -370.7528381347656, 1115.5997314453125, 0.0
24.0, -370.7528381347656, 1010.6891479492188, 0.0
24.25, -370.7528381347656, 915.3842163085938, 0.0
24.5, -370.7528381347656, 819.5670776367188, 0.0
24.75, -370.7528381347656, 728.9891967773438, 0.0
25.0, -370.7528381347656, 634.4099731445312, 0.0
25.25, -370.7528381347656, 548.9618530273438, 0.0
25.5, -370.7528381347656, 464.5298767089844, 0.0
25.75, -370.7528381347656, 377.04449462890625, 0.0
26.0, -370.7528381347656, 292.40081787109375, 0.0
26.25, -370.7528381347656, 215.4990997314453, 0.0
26.5, -370.7528381347656, 138.32919311523438, 0.0
26.75, -370.7528381347656, 64.7757339477539, 0.0
27.0, -492.75311279296875, -11.10047721862793, 0.0
27.25, -492.75311279296875, -82.67272186279297, 0.0
27.5, -492.75311279296875, -151.62855529785156, 0.0
27.75, -492.75311279296875, -218.6925506591797, 0.0
28.0, -492.75311279296875, -289.2633972167969, 0.0
28.25, -492.75311279296875, -354.7940368652344, 0.0
28.5, -492.75311279296875, -420.4896240234375, 0.0
28.75, -492.75311279296875, -481.905029296875, 0.0
29.0, -492.75311279296875, -542.893798828125, 0.0
29.25, -492.75311279296875, -601.9586791992188, 0.0
29.5, -492.75311279296875, -662.1074829101562, 0.0
29.75, -492.75311279296875, -718.9775390625, 0.0
30.0, -492.75311279296875, -772.5065307617188, 0.0
30.25, -492.75311279296875, -826.851318359375, 0.0
30.5, -492.75311279296875, -887.1730346679688, 0.0
30.75, -492.75311279296875, -938.6860961914062, 0.0
31.0, -621.5032348632812, -989.6265869140625, 0.0
31.25, -621.5032348632812, -1036.63720703125, 0.0
31.5, -621.5032348632812, -1084.7293701171875, 0.0
31.75, -621.5032348632812, -1134.4617919921875, 0.0
32.0, -621.5032348632812, -1180.8463134765625, 0.0
32.25, -621.5032348632812, -1229.99853515625, 0.0
32.5, -621.5032348632812, -1276.887939453125, 0.0
32.75, -621.5032348632812, -1324.1795654296875, 0.0
33.0, -621.5032348632812, -1373.0201416015625, 0.0
33.25, -621.5032348632812, -1415.2135009765625, 0.0
33.5, -621.5032348632812, -1457.241943359375, 0.0
33.75, -621.5032348632812, -1500.90234375, 0.0
34.0, -621.5032348632812, -1543.472412109375, 0.0
34.25, -621.5032348632812, -1582.777099609375, 0.0
34.5, -621.5032348632812, -1624.374267578125, 0.0
34.75, -621.5032348632812, -1662.8011474609375, 0.0
35.0, -751.5032348632812, -1703.7996826171875, 0.0
35.25, -751.5032348632812, -1738.4921875, 0.0
35.5, -751.5032348632812, -1767.9044189453125, 0.0
35.75, -751.5032348632812, -1807.0994873046875, 0.0
36.0, -751.5032348632812, -1839.9423828125, 0.0
36.25, -751.5032348632812, -1875.9122314453125, 0.0
36.5, -751.5032348632812, -1917.03076171875, 0.0
36.75, -751.5032348632812, -1955.595458984375, 0.0
37.0, -751.5032348632812, -1991.27783203125, 0.0
37.25, -751.5032348632812, -2025.0406494140625, 0.0
37.5, -751.5032348632812, -2058.46044921875, 0.0
37.75, -751.5032348632812, -2084.373779296875, 0.0
38.0, -751.5032348632812, -2114.166748046875, 0.0
38.25, -751.5032348632812, -2143.234130859375, 0.0
38.5, -751.5032348632812, -2173.91748046875, 0.0
38.75, -751.5032348632812, -2205.780517578125, 0.0
39.0, -881.5032348632812, -2240.44970703125, 0.0
39.25, -881.5032348632812, -2267.246826171875, 0.0
39.5, -881.5032348632812, -2296.609130859375, 0.0
39.75, -881.5032348632812, -2317.387939453125, 0.0
40.0, -881.5032348632812, -2339.457763671875, 0.0
40.25, -881.5032348632812, -2365.851318359375, 0.0
40.5, -881.5032348632812, -2397.89404296875, 0.0
40.75, -881.5032348632812, -2432.0400390625, 0.0
41.0, -881.5032348632812, -2464.3466796875, 0.0
41.25, -881.5032348632812, -2490.797119140625, 0.0
41.5, -881.5032348632812, -2516.466796875, 0.0
41.75, -881.5032348632812, -2537.36669921875, 0.0
42.0, -881.5032348632812, -2560.463134765625, 0.0
42.25, -881.5032348632812, -2582.688720703125, 0.0
42.5, -881.5032348632812, -2605.604248046875, 0.0
42.75, -881.5032348632812, -2631.720947265625, 0.0
43.0, -1011.5032348632812, -2657.978271484375, 0.0
43.25, -1011.5032348632812, -2682.6259765625, 0.0
43.5, -1011.5032348632812, -2700.94482421875, 0.0
43.75, -1011.5032348632812, -2718.668212890625, 0.0
44.0, -1011.5032348632812, -2735.8408203125, 0.0
44.25, -1011.5032348632812, -2756.033203125, 0.0
44.5, -1011.5032348632812, -2777.2138671875, 0.0
44.75, -1011.5032348632812, -2806.268310546875, 0.0
45.0, -1011.5032348632812, -2834.89501953125, 0.0
45.25, -1011.5032348632812, -2859.161865234375, 0.0
45.5, -1011.5032348632812, -2882.256591796875, 0.0
45.75, -1011.5032348632812, -2900.91357421875, 0.0
46.0, -1011.5032348632812, -2916.267822265625, 0.0
46.25, -1011.5032348632812, -2931.7294921875, 0.0
46.5, -1011.5032348632812, -2948.85009765625, 0.0
46.75, -1011.5032348632812, -2967.63623046875, 0.0
47.0, -1141.5032958984375, -2992.2177734375, 0.0
47.25, -1141.5032958984375, -3012.533447265625, 0.0
47.5, -1141.5032958984375, -3032.6826171875, 0.0
47.75, -1141.5032958984375, -3045.760009765625, 0.0
48.0, -1141.5032958984375, -3057.948974609375, 0.0
48.25, -1141.5032958984375, -3069.881103515625, 0.0
48.5, -1141.5032958984375, -3087.9189453125, 0.0
48.75, -1141.5032958984375, -3108.9052734375, 0.0
49.0, -1141.5032958984375, -3131.062255859375, 0.0
49.25, -1141.5032958984375, -3156.259765625, 0.0
49.5, -1141.5032958984375, -3176.1748046875, 0.0
49.75, -1141.5032958984375, -3192.172607421875, 0.0
50.0, -1141.5032958984375, -3205.216796875, 0.0
50.25, -1141.5032958984375, -3214.047607421875, 0.0
50.5, -1141.5032958984375, -3228.20849609375, 0.0
50.75, -1141.5032958984375, -3245.340576171875, 0.0
51.0, -1271.5032958984375, -3265.428466796875, 0.0
51.25, -1271.5032958984375, -3282.12890625, 0.0
51.5, -1271.5032958984375, -3303.134765625, 0.0
51.75, -1271.5032958984375, -3314.671875, 0.0
52.0, -1271.5032958984375, -3326.09228515625, 0.0
52.25, -1271.5032958984375, -3334.09326171875, 0.0
52.5, -1271.5032958984375, -3344.1455078125, 0.0
52.75, -1271.5032958984375, -3359.089599609375, 0.0
53.0, -1271.5032958984375, -3379.6494140625, 0.0
53.25, -1271.5032958984375, -3400.07421875, 0.0
53.5, -1271.5032958984375, -3420.471923828125, 0.0
53.75, -1271.5032958984375, -3437.570556640625, 0.0
54.0, -1271.5032958984375, -3449.39697265625, 0.0
54.25, -1271.5032958984375, -3457.413818359375, 0.0
54.5, -1271.5032958984375, -3466.082275390625, 0.0
54.75, -1271.5032958984375, -3476.60400390625, 0.0
55.0, -1373.7523193359375, -3492.39892578125, 0.0
55.25, -1373.7523193359375, -3508.579345703125, 0.0
55.5, -1373.7523193359375, -3526.114013671875, 0.0
55.75, -1373.7523193359375, -3535.251953125, 0.0
56.0, -1373.7523193359375, -3547.201904296875, 0.0
56.25, -1373.7523193359375, -3554.989013671875, 0.0
56.5, -1373.7523193359375, -3559.898193359375, 0.0
56.75, -1373.7523193359375, -3569.319580078125, 0.0
57.0, -1373.7523193359375, -3584.1611328125, 0.0
57.25, -1373.7523193359375, -3601.057373046875, 0.0
57.5, -1373.7523193359375, -3622.313720703125, 0.0
57.75, -1373.7523193359375, -3638.49658203125, 0.0
58.0, -1373.7523193359375, -3649.837890625, 0.0
58.25, -1373.7523193359375, -3656.660888671875, 0.0
58.5, -1373.7523193359375, -3661.58837890625, 0.0
58.75, -1373.7523193359375, -3669.3603515625, 0.0
59.0, -1457.001953125, -3681.570556640625, 0.0
59.25, -1457.001953125, -3696.946533203125, 0.0
59.5, -1457.001953125, -3712.324462890625, 0.0
59.75, -1457.001953125, -3724.927978515625, 0.0
60.0, -1457.001953125, -3736.274169921875, 0.0
60.25, -1457.001953125, -3739.985107421875, 0.0
60.5, -1457.001953125, -3743.11279296875, 0.0
60.75, -1457.001953125, -3749.6005859375, 0.0
61.0, -1457.001953125, -3758.65869140625, 0.0
61.25, -1457.001953125, -3774.59619140625, 0.0
61.5, -1457.001953125, -3791.295654296875, 0.0
61.75, -1457.001953125, -3806.96142578125, 0.0
62.0, -1457.001953125, -3820.878662109375, 0.0
62.25, -1457.001953125, -3828.256103515625, 0.0
62.5, -1457.001953125, -3832.93310546875, 0.0
62.75, -1457.001953125, -3836.335205078125, 0.0
63.0, -1536.251953125, -3840.35986328125, 0.0
63.25, -1536.251953125, -3853.46044921875, 0.0
63.5, -1536.251953125, -3868.050048828125, 0.0
63.75, -1536.251953125, -3881.665771484375, 0.0
64.0, -1536.251953125, -3896.325927734375, 0.0
64.25, -1536.251953125, -3899.457275390625, 0.0
64.5, -1536.251953125, -3902.5166015625, 0.0
64.75, -1536.251953125, -3903.374267578125, 0.0
65.0, -1536.251953125, -3910.190673828125, 0.0
65.25, -1536.251953125, -3918.659423828125, 0.0
65.5, -1536.251953125, -3933.03076171875, 0.0
65.75, -1536.251953125, -3949.048828125, 0.0
66.0, -1536.251953125, -3963.31884765625, 0.0
66.25, -1536.251953125, -3971.396484375, 0.0
66.5, -1536.251953125, -3976.15771484375, 0.0
66.75, -1536.251953125, -3979.522216796875, 0.0
67.0, -1594.251220703125, -3982.545654296875, 0.0
67.25, -1594.251220703125, -3989.08984375, 0.0
67.5, -1594.251220703125, -4000.377197265625, 0.0
67.75, -1594.251220703125, -4014.33251953125, 0.0
68.0, -1594.251220703125, -4027.6884765625, 0.0
68.25, -1594.251220703125, -4036.77978515625, 0.0
68.5, -1594.251220703125, -4037.8876953125, 0.0
68.75, -1594.251220703125, -4037.509033203125, 0.0
69.0, -1594.251220703125, -4038.34033203125, 0.0
69.25, -1594.251220703125, -4044.72119140625, 0.0
69.5, -1594.251220703125, -4057.584716796875, 0.0
69.75, -1594.251220703125, -4071.732177734375, 0.0
70.0, -1594.251220703125, -4086.687744140625, 0.0
70.25, -1594.251220703125, -4097.83203125, 0.0
70.5, -1594.251220703125, -4103.2109375, 0.0
70.75, -1594.251220703125, -4104.2431640625, 0.0
71.0, -1637.0009765625, -4103.70068359375, 0.0
71.25, -1637.0009765625, -4104.67236328125, 0.0
71.5, -1637.0009765625, -4115.515625, 0.0
71.75, -1637.0009765625, -4127.5205078125, 0.0
72.0, -1637.0009765625, -4141.306640625, 0.0
72.25, -1637.0009765625, -4151.8203125, 0.0
72.5, -1637.0009765625, -4157.3134765625, 0.0
72.75, -1637.0009765625, -4157.5, 0.0
73.0, -1637.0009765625, -4156.244140625, 0.0
73.25, -1637.0009765625, -4156.00537109375, 0.0
73.5, -1637.0009765625, -4163.97265625, 0.0
73.75, -1637.0009765625, -4175.62060546875, 0.0
74.0, -1637.0009765625, -4191.3583984375, 0.0
74.25, -1637.0009765625, -4205.4482421875, 0.0
74.5, -1637.0009765625, -4211.8544921875, 0.0
74.75, -1637.0009765625, -4213.251953125, 0.0
75.0, -1677.0009765625, -4211.380859375, 0.0
75.25, -1677.0009765625, -4212.3427734375, 0.0
75.5, -1677.0009765625, -4216.31591796875, 0.0
75.75, -1677.0009765625, -4226.11474609375, 0.0
76.0, -1677.0009765625, -4238.60302734375, 0.0
76.25, -1677.0009765625, -4249.39306640625, 0.0
76.5, -1677.0009765625, -4258.99755859375, 0.0
76.75, -1677.0009765625, -4259.75341796875, 0.0
77.0, -1677.0009765625, -4258.77783203125, 0.0
77.25, -1677.0009765625, -4256.93359375, 0.0
77.5, -1677.0009765625, -4258.47802734375, 0.0
77.75, -1677.0009765625, -4267.4091796875, 0.0
78.0, -1677.0009765625, -4280.53369140625, 0.0
78.25, -1677.0009765625, -4293.3876953125, 0.0
78.5, -1677.0009765625, -4302.3251953125, 0.0
78.75, -1677.0009765625, -4307.52734375, 0.0
79.0, -1717.0009765625, -4306.408203125, 0.0
79.25, -1717.0009765625, -4304.5595703125, 0.0
79.5, -1717.0009765625, -4304.076171875, 0.0
79.75, -1717.0009765625, -4309.0439453125, 0.0
80.0, -1717.0009765625, -4320.23291015625, 0.0
80.25, -1717.0009765625, -4334.142578125, 0.0
80.5, -1717.0009765625, -4343.8681640625, 0.0
80.75, -1717.0009765625, -4347.52685546875, 0.0
81.0, -1717.0009765625, -4347.9140625, 0.0
81.25, -1717.0009765625, -4344.3544921875, 0.0
81.5, -1717.0009765625, -4342.3525390625, 0.0
81.75, -1717.0009765625, -4345.23583984375, 0.0
82.0, -1717.0009765625, -4356.1650390625, 0.0
82.25, -1717.0009765625, -4369.5615234375, 0.0
82.5, -1717.0009765625, -4379.861328125, 0.0
82.75, -1717.0009765625, -4387.08984375, 0.0
83.0, -1734.500244140625, -4387.9404296875, 0.0
83.25, -1734.500244140625, -4385.23193359375, 0.0
83.5, -1734.500244140625, -4382.435546875, 0.0
83.75, -1734.500244140625, -4384.39599609375, 0.0
84.0, -1734.500244140625, -4391.8046875, 0.0
84.25, -1734.500244140625, -4403.40966796875, 0.0
84.5, -1734.500244140625, -4413.990234375, 0.0
84.75, -1734.500244140625, -4420.85205078125, 0.0
85.0, -1734.500244140625, -4424.76806640625, 0.0
85.25, -1734.500244140625, -4423.2578125, 0.0
85.5, -1734.500244140625, -4418.67822265625, 0.0
85.75, -1734.500244140625, -4418.94189453125, 0.0
86.0, -1734.500244140625, -4424.0283203125, 0.0
86.25, -1734.500244140625, -4434.9130859375, 0.0
86.5, -1734.500244140625, -4446.0, 0.0
86.75, -1734.500244140625, -4455.8701171875, 0.0
87.0, -1737.0, -4458.54541015625, 0.0
87.25, -1737.0, -4457.38818359375, 0.0
87.5, -1737.0, -4453.24267578125, 0.0
87.75, -1737.0, -4450.19287109375, 0.0
88.0, -1737.0, -4454.822265625, 0.0
88.25, -1737.0, -4464.97802734375, 0.0
88.5, -1737.0, -4476.02197265625, 0.0
88.75, -1737.0, -4485.8564453125, 0.0
89.0, -1737.0, -4491.064453125, 0.0
89.25, -1737.0, -4487.6748046875, 0.0
89.5, -1737.0, -4486.1962890625, 0.0
89.75, -1737.0, -4481.60498046875, 0.0
90.0, -1737.0, -4483.236328125, 0.0
90.25, -1737.0, -4490.59033203125, 0.0
90.5, -1737.0, -4502.17822265625, 0.0
90.75, -1737.0, -4513.474609375, 0.0
91.0, -1736.25, -4519.23388671875, 0.0
91.25, -1736.25, -4521.759765625, 0.0
91.5, -1736.25, -4516.39892578125, 0.0
91.75, -1736.25, -4510.45458984375, 0.0
92.0, -1736.25, -4511.642578125, 0.0
92.25, -1736.25, -4517.39208984375, 0.0
92.5, -1736.25, -4526.37451171875, 0.0
92.75, -1736.25, -4538.1357421875, 0.0
93.0, -1736.25, -4547.07421875, 0.0
93.25, -1736.25, -4549.3505859375, 0.0
93.5, -1736.25, -4544.2841796875, 0.0
93.75, -1736.25, -4539.23779296875, 0.0
94.0, -1736.25, -4538.19287109375, 0.0
94.25, -1736.25, -4543.13623046875, 0.0
94.5, -1736.25, -4550.78857421875, 0.0
94.75, -1736.25, -4562.4169921875, 0.0
95.0, -1707.4990234375, -4569.99560546875, 0.0
95.25, -1707.4990234375, -4574.1728515625, 0.0
95.5, -1707.4990234375, -4572.81787109375, 0.0
95.75, -1707.4990234375, -4566.38916015625, 0.0
96.0, -1707.4990234375, -4562.43603515625, 0.0
96.25, -1707.4990234375, -4564.3154296875, 0.0
96.5, -1707.4990234375, -4204.5322265625, 0.0
96.75, -1707.4990234375, -523.998291015625, 0.0
97.0, -1707.4990234375, 253.20352172851562, 0.0
97.25, -1707.4990234375, 359.27691650390625, 0.0
97.5, -1707.4990234375, 370.2315673828125, 0.0
97.75, -1707.4990234375, 369.8507385253906, 0.0
98.0, -1707.4990234375, 369.82061767578125, 0.0
98.25, -1707.4990234375, 368.5039978027344, 0.0
98.5, -1707.4990234375, 367.7473449707031, 0.0
98.75, -1707.4990234375, 364.793701171875, 0.0
99.0, -1658.2486572265625, -157.98191833496094, -1707.0
99.25, -1658.2486572265625, -1023.8959350585938, -1620.0
99.5, -1658.2486572265625, -1416.1356201171875, -1620.0
99.75, -1658.2486572265625, -1492.389404296875, -1620.0
100.0, -1658.2486572265625, -1506.9105224609375, -1620.0
100.25, -1658.2486572265625, -1513.3548583984375, -1620.0
100.5, -1658.2486572265625, -1511.9151611328125, -1620.0
100.75, -1658.2486572265625, -1514.3702392578125, -1620.0
101.0, -1658.2486572265625, -1522.9583740234375, -1620.0
101.25, -1658.2486572265625, -1523.2891845703125, -1620.0
101.5, -1658.2486572265625, -1526.44482421875, -1620.0
101.75, -1658.2486572265625, -1528.8953857421875, -1620.0
102.0, -1658.2486572265625, -1536.0081787109375, -1620.0
102.25, -1658.2486572265625, -1532.0859375, -1620.0
102.5, -1658.2486572265625, -1533.9559326171875, -1620.0
102.75, -1658.2486572265625, -1533.8525390625, -1620.0
103.0, -1605.2486572265625, -1536.9300537109375, -1620.0
103.25, -1605.2486572265625, -190.03497314453125, -541.0
103.5, -1605.2486572265625, -820.8596801757812, -1662.0
103.75, -1605.2486572265625, -1389.5423583984375, -1662.0
104.0, -1605.2486572265625, -1516.73046875, -1662.0
104.25, -1605.2486572265625, -1545.7080078125, -1662.0
104.5, -1605.2486572265625, -1553.207275390625, -1662.0
104.75, -1605.2486572265625, -1558.7244873046875, -1662.0
105.0, -1605.2486572265625, -1563.131591796875, -1662.0
105.25, -1605.2486572265625, -1565.5072021484375, -1662.0
105.5, -1605.2486572265625, -1571.998291015625, -1662.0
105.75, -1605.2486572265625, -1573.1561279296875, -1662.0
106.0, -1605.2486572265625, -1572.44970703125, -1662.0
106.25, -1605.2486572265625, -1576.194091796875, -1662.0
106.5, -1605.2486572265625, -1583.3062744140625, -1662.0
106.75, -1605.2486572265625, -1588.3990478515625, -1662.0
107.0, -1552.9986572265625, -1590.2994384765625, -1662.0
107.25, -1552.9986572265625, -1589.012451171875, -1644.0
107.5, -1552.9986572265625, -1573.4052734375, -1619.0
107.75, -1552.9986572265625, -1563.4365234375, -1615.0
108.0, -1552.9986572265625, -1563.5113525390625, -1615.0
108.25, -1552.9986572265625, -1564.5394287109375, -1615.0
108.5, -1552.9986572265625, -1569.5650634765625, -1615.0
108.75, -1552.9986572265625, -1575.4171142578125, -1615.0
109.0, -1552.9986572265625, -1581.3363037109375, -1615.0
109.25, -1552.9986572265625, -1585.5003662109375, -1615.0
109.5, -1552.9986572265625, -1590.05810546875, -1615.0
109.75, -1552.9986572265625, -1593.5323486328125, -1615.0
110.0, -1552.9986572265625, -1595.0892333984375, -1615.0
110.25, -1552.9986572265625, -1595.32080078125, -1615.0
110.5, -1552.9986572265625, -1599.6226806640625, -1615.0
110.75, -1552.9986572265625, -1603.9462890625, -1615.0
111.0, -1500.2486572265625, -1608.1904296875, -1615.0
111.25, -1500.2486572265625, -1615.0677490234375, -1633.0
111.5, -1500.2486572265625, -1631.42236328125, -1633.0
111.75, -1500.2486572265625, -1641.744384765625, -1645.0
112.0, -1500.2486572265625, -1649.7659912109375, -1645.0
112.25, -1500.2486572265625, -1651.691162109375, -1645.0
112.5, -1500.2486572265625, -1651.9197998046875, -1645.0
112.75, -1500.2486572265625, -1657.1566162109375, -1645.0
113.0, -1500.2486572265625, -1658.5120849609375, -1645.0
113.25, -1500.2486572265625, -1662.2762451171875, -1645.0
113.5, -1500.2486572265625, -1670.2022705078125, -1645.0
113.75, -1500.2486572265625, -1675.3199462890625, -1645.0
114.0, -1500.2486572265625, -1675.6036376953125, -1645.0
114.25, -1500.2486572265625, -1676.6220703125, -1645.0
114.5, -1500.2486572265625, -1682.03857421875, -1645.0
114.75, -1500.2486572265625, -1684.804443359375, -1645.0
115.0, -1447.2486572265625, -1685.993896484375, -1634.0
115.25, -1447.2486572265625, -1682.875732421875, -1635.0
115.5, -1447.2486572265625, -1684.918701171875, -1640.0
115.75, -1447.2486572265625, -1689.6160888671875, -1643.0
116.0, -1447.2486572265625, -1694.2271728515625, -1643.0
116.25, -1447.2486572265625, -1696.4788818359375, -1643.0
116.5, -1447.2486572265625, -1697.666015625, -1643.0
116.75, -1447.2486572265625, -1703.8306884765625, -1643.0
117.0, -1447.2486572265625, -1704.386474609375, -1643.0
117.25, -1447.2486572265625, -1707.8818359375, -1643.0
117.5, -1447.2486572265625, -1715.8323974609375, -1643.0
117.75, -1447.2486572265625, -1716.4132080078125, -1643.0
118.0, -1447.2486572265625, -1720.9188232421875, -1643.0
118.25, -1447.2486572265625, -1729.654296875, -1643.0
118.5, -1447.2486572265625, -1722.404296875, -1643.0
118.75, -1447.2486572265625, -1728.9852294921875, -1643.0
119.0, -1394.2486572265625, -1732.317626953125, -1643.0
119.25, -1394.2486572265625, -1742.4205322265625, -1653.0
119.5, -1394.2486572265625, -1743.037353515625, -1642.0
119.75, -1394.2486572265625, -1745.1356201171875, -1642.0
120.0, -1394.2486572265625, -1741.7254638671875, -1642.0
120.25, -1394.2486572265625, -1742.0225830078125, -1642.0
120.5, -1394.2486572265625, -1744.5965576171875, -1642.0
120.75, -1394.2486572265625, -1745.322265625, -1642.0
121.0, -1394.2486572265625, -1752.921875, -1642.0
121.25, -1394.2486572265625, -1747.555908203125, -1642.0
121.5, -1394.2486572265625, -1749.787109375, -1642.0
121.75, -1394.2486572265625, -1753.9833984375, -1642.0
122.0, -1394.2486572265625, -1758.4384765625, -1642.0
122.25, -1394.2486572265625, -1757.1417236328125, -1642.0
122.5, -1394.2486572265625, -1758.9981689453125, -1642.0
122.75, -1394.2486572265625, -1763.0179443359375, -1642.0
123.0, -1326.2481689453125, -1763.6304931640625, -1642.0
123.25, -1326.2481689453125, -1754.1102294921875, -1616.0
123.5, -1326.2481689453125, -1738.701171875, -1612.0
123.75, -1326.2481689453125, -1743.9456787109375, -1612.0
124.0, -1326.2481689453125, -1745.0244140625, -1612.0
124.25, -1326.2481689453125, -1746.857421875, -1612.0
124.5, -1326.2481689453125, -1747.047607421875, -1612.0
124.75, -1326.2481689453125, -1746.6171875, -1612.0
125.0, -1326.2481689453125, -1749.7349853515625, -1612.0
125.25, -1326.2481689453125, -1751.3985595703125, -1612.0
125.5, -1326.2481689453125, -1754.865234375, -1612.0
125.75, -1326.2481689453125, -1759.0098876953125, -1612.0
126.0, -1326.2481689453125, -1763.6689453125, -1612.0
126.25, -1326.2481689453125, -1763.46923828125, -1612.0
126.5, -1326.2481689453125, -1762.6600341796875, -1612.0
126.75, -1326.2481689453125, -1760.1507568359375, -1612.0
127.0, -1247.998046875, -1768.603759765625, -1607.0
127.25, -1247.998046875, -1765.1126708984375, -1607.0
127.5, -1247.998046875, -1767.646728515625, -1607.0
127.75, -1247.998046875, -1769.8406982421875, -1607.0
128.0, -1247.998046875, -1774.512451171875, -1607.0
128.25, -1247.998046875, -1763.8719482421875, -1580.0
128.5, -1247.998046875, -1750.3804931640625, -1580.0
128.75, -1247.998046875, -1747.1021728515625, -1580.0
129.0, -1247.998046875, -1744.8604736328125, -1580.0
129.25, -1247.998046875, -1748.267822265625, -1580.0
129.5, -1247.998046875, -1751.7080078125, -1580.0
129.75, -1247.998046875, -1753.2860107421875, -1580.0
130.0, -1247.998046875, -1756.0960693359375, -1580.0
130.25, -1247.998046875, -1757.1741943359375, -1580.0
130.5, -1247.998046875, -1759.4732666015625, -1580.0
130.75, -1247.998046875, -1757.8343505859375, -1580.0
131.0, -1167.2479248046875, -1756.6416015625, -1580.0
131.25, -1167.2479248046875, -1745.0252685546875, -1558.0
131.5, -1167.2479248046875, -1710.26513671875, -1521.0
131.75, -1167.2479248046875, -1689.7657470703125, -1521.0
132.0, -1167.2479248046875, -1692.0523681640625, -1521.0
132.25, -1167.2479248046875, -1692.7978515625, -1521.0
132.5, -1167.2479248046875, -1690.581787109375, -1521.0
132.75, -1167.2479248046875, -1690.0787353515625, -1521.0
133.0, -1167.2479248046875, -1688.21484375, -1521.0
133.25, -1167.2479248046875, -1693.32958984375, -1521.0
133.5, -1167.2479248046875, -1689.941162109375, -1521.0
133.75, -1167.2479248046875, -1692.5904541015625, -1521.0
134.0, -1167.2479248046875, -1699.06640625, -1521.0
134.25, -1167.2479248046875, -1699.045654296875, -1521.0
134.5, -1167.2479248046875, -1706.3563232421875, -1521.0
134.75, -1167.2479248046875, -1705.9422607421875, -1521.0
135.0, -1086.2479248046875, -1699.225341796875, -1521.0
135.25, -1086.2479248046875, -1693.2271728515625, -1492.0
135.5, -1086.2479248046875, -1663.5074462890625, -1483.0
135.75, -1086.2479248046875, -1650.4044189453125, -1473.0
136.0, -1086.2479248046875, -1646.9810791015625, -1473.0
136.25, -1086.2479248046875, -1642.8641357421875, -1473.0
136.5, -1086.2479248046875, -1646.369384765625, -1473.0
136.75, -1086.2479248046875, -1645.2384033203125, -1473.0
137.0, -1086.2479248046875, -1644.0963134765625, -1473.0
137.25, -1086.2479248046875, -1645.7474365234375, -1473.0
137.5, -1086.2479248046875, -1648.629638671875, -1473.0
137.75, -1086.2479248046875, -1648.4365234375, -1473.0
138.0, -1086.2479248046875, -1652.9346923828125, -1473.0
138.25, -1086.2479248046875, -1655.034423828125, -1473.0
138.5, -1086.2479248046875, -1659.8409423828125, -1473.0
138.75, -1086.2479248046875, -1656.1263427734375, -1473.0
139.0, -1049.4993896484375, -1652.314453125, -1473.0
139.25, -1049.4993896484375, -1641.974853515625, -1425.0
139.5, -1049.4993896484375, -1609.6995849609375, -1406.0
139.75, -1049.4993896484375, -1591.6053466796875, -1406.0
140.0, -1049.4993896484375, -1582.035400390625, -1406.0
140.25, -1049.4993896484375, -1581.2283935546875, -1406.0
140.5, -1049.4993896484375, -1585.632080078125, -1406.0
140.75, -1049.4993896484375, -1582.8988037109375, -1406.0
141.0, -1049.4993896484375, -1584.861328125, -1406.0
141.25, -1049.4993896484375, -1583.15478515625, -1406.0
141.5, -1049.4993896484375, -1583.8663330078125, -1406.0
141.75, -1049.4993896484375, -1585.632568359375, -1406.0
142.0, -1049.4993896484375, -1589.2301025390625, -1406.0
142.25, -1049.4993896484375, -1588.4615478515625, -1406.0
142.5, -1049.4993896484375, -1591.55712890625, -1406.0
142.75, -1049.4993896484375, -1597.5545654296875, -1406.0
143.0, -1007.248779296875, -1595.270751953125, -1406.0
143.25, -1007.248779296875, -1576.07861328125, -1374.0
143.5, -1007.248779296875, -1551.0938720703125, -1369.0
143.75, -1007.248779296875, -1554.603759765625, -1369.0
144.0, -1007.248779296875, -1554.6075439453125, -1369.0
144.25, -1007.248779296875, -1557.35302734375, -1369.0
144.5, -1007.248779296875, -1555.907470703125, -1369.0
144.75, -1007.248779296875, -1558.0689697265625, -1369.0
145.0, -1007.248779296875, -1555.3685302734375, -1369.0
145.25, -1007.248779296875, -1555.53466796875, -1369.0
145.5, -1007.248779296875, -1554.0478515625, -1369.0
145.75, -1007.248779296875, -1558.93505859375, -1369.0
146.0, -1007.248779296875, -1560.001953125, -1369.0
146.25, -1007.248779296875, -1563.6429443359375, -1369.0
146.5, -1007.248779296875, -1566.525634765625, -1369.0
146.75, -1007.248779296875, -1562.006591796875, -1369.0
147.0, -945.4983520507812, -1565.12548828125, -1369.0
147.25, -945.4983520507812, -1555.2666015625, -1349.0
147.5, -945.4983520507812, -1546.0963134765625, -1350.0
147.75, -945.4983520507812, -1537.335205078125, -1340.0
148.0, -945.4983520507812, -1534.73681640625, -1340.0
148.25, -945.4983520507812, -1530.493896484375, -1340.0
148.5, -945.4983520507812, -1533.00146484375, -1340.0
148.75, -945.4983520507812, -1534.8406982421875, -1340.0
149.0, -945.4983520507812, -1537.970458984375, -1340.0
149.25, -945.4983520507812, -1534.2734375, -1340.0
149.5, -945.4983520507812, -1533.861083984375, -1340.0
149.75, -945.4983520507812, -1533.011962890625, -1340.0
150.0, -945.4983520507812, -1536.4080810546875, -1340.0
150.25, -945.4983520507812, -1531.385009765625, -1340.0
150.5, -945.4983520507812, -1538.7510986328125, -1340.0
150.75, -945.4983520507812, -1538.4532470703125, -1340.0
151.0, -879.4983520507812, -1540.066650390625, -1338.0
151.25, -879.4983520507812, -1533.0107421875, -1338.0
151.5, -879.4983520507812, -1532.754150390625, -1338.0
151.75, -879.4983520507812, -1530.9217529296875, -1338.0
152.0, -879.4983520507812, -1518.138671875, -1311.0
152.25, -879.4983520507812, -1507.162841796875, -1311.0
152.5, -879.4983520507812, -1497.334716796875, -1298.0
152.75, -879.4983520507812, -1485.88330078125, -1298.0
153.0, -879.4983520507812, -1490.453857421875, -1298.0
153.25, -879.4983520507812, -1489.8267822265625, -1298.0
153.5, -879.4983520507812, -1487.6873779296875, -1298.0
153.75, -879.4983520507812, -1483.5255126953125, -1298.0
154.0, -879.4983520507812, -1483.59521484375, -1298.0
154.25, -879.4983520507812, -1484.4971923828125, -1298.0
154.5, -879.4983520507812, -1490.3460693359375, -1298.0
154.75, -879.4983520507812, -1487.7000732421875, -1298.0
155.0, -812.7483520507812, -1480.027099609375, -1279.0
155.25, -812.7483520507812, -1458.9117431640625, -1263.0
155.5, -812.7483520507812, -1436.738037109375, -1251.0
155.75, -812.7483520507812, -1420.63427734375, -1251.0
156.0, -812.7483520507812, -1414.7021484375, -1251.0
156.25, -812.7483520507812, -1425.1646728515625, -1251.0
156.5, -812.7483520507812, -1429.5233154296875, -1251.0
156.75, -812.7483520507812, -1423.539306640625, -1251.0
157.0, -812.7483520507812, -1419.578857421875, -1251.0
157.25, -812.7483520507812, -1423.6607666015625, -1251.0
157.5, -812.7483520507812, -1424.3028564453125, -1251.0
157.75, -812.7483520507812, -1424.0931396484375, -1251.0
158.0, -812.7483520507812, -1424.9090576171875, -1251.0
158.25, -812.7483520507812, -1421.090576171875, -1251.0
158.5, -812.7483520507812, -1427.344970703125, -1251.0
158.75, -812.7483520507812, -1423.1090087890625, -1251.0
159.0, -757.7487182617188, -1421.166748046875, -1251.0
159.25, -757.7487182617188, -1405.6932373046875, -1212.0
159.5, -757.7487182617188, -1380.3304443359375, -1204.0
159.75, -757.7487182617188, -1347.7381591796875, -1155.0
160.0, -757.7487182617188, -1313.062255859375, -1155.0
160.25, -757.7487182617188, -1311.107666015625, -1155.0
160.5, -757.7487182617188, -1318.0653076171875, -1155.0
160.75, -757.7487182617188, -1312.3487548828125, -1155.0
161.0, -757.7487182617188, -1312.79638671875, -1155.0
161.25, -757.7487182617188, -1314.865234375, -1155.0
161.5, -757.7487182617188, -1313.902587890625, -1155.0
161.75, -757.7487182617188, -1306.5640869140625, -1155.0
162.0, -757.7487182617188, -1308.6939697265625, -1155.0
162.25, -757.7487182617188, -1310.7061767578125, -1155.0
162.5, -757.7487182617188, -1312.5064697265625, -1155.0
162.75, -757.7487182617188, -1309.1981201171875, -1155.0
163.0, -710.4988403320312, -1310.02294921875, -1135.0
163.25, -710.4988403320312, -1286.8634033203125, -1114.0
163.5, -710.4988403320312, -1272.9307861328125, -1114.0
163.75, -710.4988403320312, -1267.2440185546875, -1114.0
164.0, -710.4988403320312, -1267.896728515625, -1114.0
164.25, -710.4988403320312, -1261.7449951171875, -1114.0
164.5, -710.4988403320312, -1262.27197265625, -1114.0
164.75, -710.4988403320312, -1259.928955078125, -1114.0
165.0, -710.4988403320312, -1262.0745849609375, -1114.0
165.25, -710.4988403320312, -1259.9111328125, -1114.0
165.5, -710.4988403320312, -1260.257080078125, -1114.0
165.75, -710.4988403320312, -1260.764404296875, -1114.0
166.0, -710.4988403320312, -1261.3671875, -1114.0
166.25, -710.4988403320312, -1259.6251220703125, -1114.0
166.5, -710.4988403320312, -1257.5599365234375, -1114.0
166.75, -710.4988403320312, -1260.6287841796875, -1114.0
167.0, -657.7485961914062, -1252.6043701171875, -1090.0
167.25, -657.7485961914062, -1216.8477783203125, -1058.0
167.5, -657.7485961914062, -1197.2535400390625, -1058.0
167.75, -657.7485961914062, -1191.6419677734375, -1058.0
168.0, -657.7485961914062, -1190.5185546875, -1058.0
168.25, -657.7485961914062, -1187.3516845703125, -1058.0
168.5, -657.7485961914062, -1186.7281494140625, -1058.0
168.75, -657.7485961914062, -1188.2779541015625, -1058.0
169.0, -657.7485961914062, -1184.7861328125, -1058.0
169.25, -657.7485961914062, -1192.3026123046875, -1058.0
169.5, -657.7485961914062, -1192.6309814453125, -1058.0
169.75, -657.7485961914062, -1191.0631103515625, -1058.0
170.0, -657.7485961914062, -1187.7083740234375, -1058.0
170.25, -657.7485961914062, -1189.4014892578125, -1058.0
170.5, -657.7485961914062, -1189.9892578125, -1058.0
170.75, -657.7485961914062, -1182.2098388671875, -1058.0
171.0, -600.49853515625, -1183.69482421875, -1040.0
171.25, -600.49853515625, -1150.5380859375, -1012.0
171.5, -600.49853515625, -1128.1181640625, -1007.0
171.75, -600.49853515625, -1127.13623046875, -1007.0
172.0, -600.49853515625, -1124.2969970703125, -1007.0
172.25, -600.49853515625, -1121.6915283203125, -1007.0
172.5, -600.49853515625, -1121.740478515625, -1007.0
172.75, -600.49853515625, -1123.0975341796875, -1007.0
173.0, -600.49853515625, -1125.173095703125, -1007.0
173.25, -600.49853515625, -1124.6231689453125, -1007.0
173.5, -600.49853515625, -1124.0185546875, -1007.0
173.75, -600.49853515625, -1128.064697265625, -1007.0
174.0, -600.49853515625, -1123.115966796875, -1007.0
174.25, -600.49853515625, -1123.172607421875, -1007.0
174.5, -600.49853515625, -1119.457763671875, -1007.0
174.75, -600.49853515625, -1125.5477294921875, -1007.0
175.0, -551.4988403320312, -1126.221923828125, -1007.0
175.25, -551.4988403320312, -1111.59423828125, -988.0
175.5, -551.4988403320312, -1095.550537109375, -961.0
175.75, -551.4988403320312, -1073.294677734375, -946.0
176.0, -551.4988403320312, -1061.9332275390625, -946.0
176.25, -551.4988403320312, -1057.6495361328125, -946.0
176.5, -551.4988403320312, -1054.7470703125, -946.0
176.75, -551.4988403320312, -1054.1900634765625, -946.0
177.0, -551.4988403320312, -1055.1239013671875, -946.0
177.25, -551.4988403320312, -1055.927490234375, -946.0
177.5, -551.4988403320312, -1061.3648681640625, -946.0
177.75, -551.4988403320312, -1061.93408203125, -946.0
178.0, -551.4988403320312, -1062.2030029296875, -946.0
178.25, -551.4988403320312, -1061.75927734375, -946.0
178.5, -551.4988403320312, -1060.1334228515625, -946.0
178.75, -551.4988403320312, -1058.7174072265625, -946.0
179.0, -509.9989929199219, -1062.6995849609375, -957.0
179.25, -509.9989929199219, -1077.311279296875, -957.0
179.5, -509.9989929199219, -1075.31494140625, -957.0
179.75, -509.9989929199219, -1076.856201171875, -944.0
180.0, -509.9989929199219, -1061.37353515625, -944.0
180.25, -509.9989929199219, -1054.1422119140625, -944.0
180.5, -509.9989929199219, -1056.5628662109375, -944.0
180.75, -509.9989929199219, -1052.58935546875, -944.0
181.0, -509.9989929199219, -1052.5672607421875, -944.0
181.25, -509.9989929199219, -1057.0777587890625, -944.0
181.5, -509.9989929199219, -1054.779541015625, -944.0
181.75, -509.9989929199219, -1055.795166015625, -944.0
182.0, -509.9989929199219, -1058.547607421875, -944.0
182.25, -509.9989929199219, -1054.0924072265625, -944.0
182.5, -509.9989929199219, -1056.6602783203125, -944.0
182.75, -509.9989929199219, -1053.10400390625, -944.0
183.0, -469.24896240234375, -1051.7591552734375, -944.0
183.25, -469.24896240234375, -1025.3271484375, -914.0
183.5, -469.24896240234375, -1013.85595703125, -914.0
183.75, -469.24896240234375, -978.3568115234375, -860.0
184.0, -469.24896240234375, -955.394287109375, -860.0
184.25, -469.24896240234375, -956.3905029296875, -860.0
184.5, -469.24896240234375, -944.7772827148438, -860.0
184.75, -469.24896240234375, -952.5225830078125, -860.0
185.0, -469.24896240234375, -951.9669189453125, -860.0
185.25, -469.24896240234375, -946.826416015625, -860.0
185.5, -469.24896240234375, -948.6073608398438, -860.0
185.75, -469.24896240234375, -949.0802001953125, -860.0
186.0, -469.24896240234375, -950.024169921875, -860.0
186.25, -469.24896240234375, -949.1761474609375, -860.0
186.5, -469.24896240234375, -949.023193359375, -860.0
186.75, -469.24896240234375, -947.0157470703125, -860.0
187.0, -428.24896240234375, -942.689697265625, -840.0
187.25, -428.24896240234375, -931.1121826171875, -832.0
187.5, -428.24896240234375, -919.8116455078125, -820.0
187.75, -428.24896240234375, -916.0646362304688, -820.0
188.0, -428.24896240234375, -914.2540283203125, -820.0
188.25, -428.24896240234375, -913.4024658203125, -820.0
188.5, -428.24896240234375, -911.3466796875, -820.0
188.75, -428.24896240234375, -911.6826171875, -820.0
189.0, -428.24896240234375, -914.31494140625, -820.0
189.25, -428.24896240234375, -915.4796142578125, -820.0
189.5, -428.24896240234375, -911.4015502929688, -820.0
189.75, -428.24896240234375, -909.5607299804688, -820.0
190.0, -428.24896240234375, -915.6112060546875, -820.0
190.25, -428.24896240234375, -911.2442626953125, -820.0
190.5, -428.24896240234375, -916.1513061523438, -820.0
190.75, -428.24896240234375, -913.2282104492188, -820.0
191.0, -387.24896240234375, -910.454345703125, -820.0
191.25, -387.24896240234375, -903.8256225585938, -805.0
191.5, -387.24896240234375, -904.5165405273438, -805.0
191.75, -387.24896240234375, -895.56005859375, -791.0
192.0, -387.24896240234375, -885.9100952148438, -791.0
192.25, -387.24896240234375, -879.251953125, -782.0
192.5, -387.24896240234375, -877.009521484375, -782.0
192.75, -387.24896240234375, -878.7374267578125, -782.0
193.0, -387.24896240234375, -876.9988403320312, -782.0
193.25, -387.24896240234375, -880.5798950195312, -782.0
193.5, -387.24896240234375, -878.5909423828125, -782.0
193.75, -387.24896240234375, -878.9990844726562, -782.0
194.0, -387.24896240234375, -878.6546020507812, -782.0
194.25, -387.24896240234375, -879.5294189453125, -782.0
194.5, -387.24896240234375, -878.5455932617188, -782.0
194.75, -387.24896240234375, -878.8474731445312, -782.0
195.0, -329.7484130859375, -870.2384033203125, -764.0
195.25, -329.7484130859375, -860.7196044921875, -747.0
195.5, -329.7484130859375, -843.10400390625, -747.0
195.75, -329.7484130859375, -839.8074340820312, -747.0
196.0, -329.7484130859375, -839.5601806640625, -747.0
196.25, -329.7484130859375, -839.74560546875, -747.0
196.5, -329.7484130859375, -842.2041625976562, -747.0
196.75, -329.7484130859375, -840.6658935546875, -747.0
197.0, -329.7484130859375, -841.5556640625, -747.0
197.25, -329.7484130859375, -837.8121948242188, -747.0
197.5, -329.7484130859375, -841.5187377929688, -747.0
197.75, -329.7484130859375, -839.7816772460938, -747.0
198.0, -329.7484130859375, -839.0570068359375, -747.0
198.25, -329.7484130859375, -841.0784301757812, -747.0
198.5, -329.7484130859375, -840.0868530273438, -747.0
198.75, -329.7484130859375, -840.1967163085938, -747.0
199.0, -261.4982604980469, -838.4739990234375, -720.0
199.25, -261.4982604980469, -812.5279541015625, -720.0
199.5, -261.4982604980469, -807.220458984375, -720.0
199.75, -261.4982604980469, -806.9756469726562, -720.0
200.0, -261.4982604980469, -782.1892700195312, -677.0
200.25, -261.4982604980469, -764.7149658203125, -679.0
200.5, -261.4982604980469, -759.944580078125, -679.0
200.75, -261.4982604980469, -764.1266479492188, -679.0
201.0, -261.4982604980469, -761.7484130859375, -679.0
201.25, -261.4982604980469, -760.3428955078125, -679.0
201.5, -261.4982604980469, -762.870361328125, -679.0
201.75, -261.4982604980469, -765.6221923828125, -679.0
202.0, -261.4982604980469, -762.3960571289062, -679.0
202.25, -261.4982604980469, -760.7196655273438, -679.0
202.5, -261.4982604980469, -758.7051391601562, -679.0
202.75, -261.4982604980469, -758.3552856445312, -679.0
203.0, -190.74822998046875, -756.5760498046875, -663.0
203.25, -190.74822998046875, -717.5621948242188, -624.0
203.5, -190.74822998046875, -693.3853149414062, -610.0
203.75, -190.74822998046875, -683.1356201171875, -610.0
204.0, -190.74822998046875, -680.02978515625, -610.0
204.25, -190.74822998046875, -678.0460815429688, -610.0
204.5, -190.74822998046875, -676.192626953125, -610.0
204.75, -190.74822998046875, -677.9712524414062, -610.0
205.0, -190.74822998046875, -679.080810546875, -610.0
205.25, -190.74822998046875, -680.3619995117188, -610.0
205.5, -190.74822998046875, -673.0631713867188, -610.0
205.75, -190.74822998046875, -670.3605346679688, -610.0
206.0, -190.74822998046875, -673.4478759765625, -610.0
206.25, -190.74822998046875, -674.25634765625, -610.0
206.5, -190.74822998046875, -674.5274658203125, -610.0
206.75, -190.74822998046875, -675.777099609375, -610.0
207.0, -119.74822235107422, -672.74951171875, -610.0
207.25, -119.74822235107422, -644.4481201171875, -566.0
207.5, -119.74822235107422, -622.7581176757812, -536.0
207.75, -119.74822235107422, -592.0726928710938, -536.0
208.0, -119.74822235107422, -587.7162475585938, -536.0
208.25, -119.74822235107422, -592.0960693359375, -536.0
208.5, -119.74822235107422, -583.270263671875, -536.0
208.75, -119.74822235107422, -576.3383178710938, -536.0
209.0, -119.74822235107422, -581.2077026367188, -536.0
209.25, -119.74822235107422, -580.8075561523438, -536.0
209.5, -119.74822235107422, -581.6124877929688, -536.0
209.75, -119.74822235107422, -585.250244140625, -536.0
210.0, -119.74822235107422, -577.7809448242188, -536.0
210.25, -119.74822235107422, -578.3095092773438, -536.0
210.5, -119.74822235107422, -581.4203491210938, -536.0
210.75, -49.49824905395508, -578.3690185546875, -536.0
211.0, -49.49824905395508, -565.6455078125, -511.0
211.25, -49.49824905395508, -552.4859619140625, -511.0
211.5, -49.49824905395508, -532.73828125, -479.0
211.75, -49.49824905395508, -499.1650695800781, -460.0
212.0, -49.49824905395508, -494.1217346191406, -460.0
212.25, -49.49824905395508, -490.162109375, -460.0
212.5, -49.49824905395508, -488.8973693847656, -460.0
212.75, -49.49824905395508, -488.6308288574219, -460.0
213.0, -49.49824905395508, -488.28143310546875, -460.0
213.25, -49.49824905395508, -487.8280029296875, -460.0
213.5, -49.49824905395508, -487.6611633300781, -460.0
213.75, -49.49824905395508, -486.27703857421875, -460.0
214.0, -49.49824905395508, -488.4211120605469, -460.0
214.25, -49.49824905395508, -485.7218322753906, -460.0
214.5, -49.49824905395508, -487.1441955566406, -460.0
214.75, 20.501750946044922, -486.3614501953125, -460.0
215.0, 20.501750946044922, -480.7647399902344, -432.0
215.25, 20.501750946044922, -441.91650390625, -388.0
215.5, 20.501750946044922, -415.38330078125, -388.0
215.75, 20.501750946044922, -409.70355224609375, -388.0
216.0, 20.501750946044922, -407.7861633300781, -388.0
216.25, 20.501750946044922, -407.91455078125, -388.0
216.5, 20.501750946044922, -408.981201171875, -388.0
216.75, 20.501750946044922, -407.4411926269531, -388.0
217.0, 20.501750946044922, -407.2079772949219, -388.0
217.25, 20.501750946044922, -405.56781005859375, -388.0
217.5, 20.501750946044922, -404.9337463378906, -388.0
217.75, 20.501750946044922, -403.3515625, -388.0
218.0, 20.501750946044922, -402.8509826660156, -388.0
218.25, 20.501750946044922, -402.79840087890625, -388.0
218.5, 20.501750946044922, -402.5472412109375, -388.0
218.75, 20.501750946044922, -403.20660400390625, -388.0
219.0, 90.50174713134766, -403.9644775390625, -366.0
219.25, 90.50174713134766, -373.52801513671875, -323.0
219.5, 90.50174713134766, -333.2668762207031, -306.0
219.75, 90.50174713134766, -319.9177551269531, -306.0
220.0, 90.50174713134766, -316.1772155761719, -306.0
220.25, 90.50174713134766, -316.9928894042969, -306.0
220.5, 90.50174713134766, -319.2824401855469, -306.0
220.75, 90.50174713134766, -319.15020751953125, -306.0
221.0, 90.50174713134766, -315.5572204589844, -306.0
221.25, 90.50174713134766, -314.61614990234375, -306.0
221.5, 90.50174713134766, -315.8380126953125, -306.0
221.75, 90.50174713134766, -316.0776672363281, -306.0
222.0, 90.50174713134766, -316.9681701660156, -306.0
222.25, 90.50174713134766, -317.4538879394531, -306.0
222.5, 90.50174713134766, -316.5114440917969, -306.0
222.75, 161.25177001953125, -312.397216796875, -306.0
223.0, 161.25177001953125, -305.2796936035156, -287.0
223.25, 161.25177001953125, -296.68646240234375, -268.0
223.5, 161.25177001953125, -265.52532958984375, -231.0
223.75, 161.25177001953125, -238.78993225097656, -231.0
224.0, 161.25177001953125, -230.75282287597656, -231.0
224.25, 161.25177001953125, -226.68128967285156, -231.0
224.5, 161.25177001953125, -229.15850830078125, -231.0
224.75, 161.25177001953125, -230.69944763183594, -231.0
225.0, 161.25177001953125, -231.7724151611328, -231.0
225.25, 161.25177001953125, -229.35752868652344, -231.0
225.5, 161.25177001953125, -230.31813049316406, -231.0
225.75, 161.25177001953125, -231.13311767578125, -231.0
226.0, 161.25177001953125, -229.56988525390625, -231.0
226.25, 161.25177001953125, -227.39968872070312, -231.0
226.5, 161.25177001953125, -227.9816436767578, -231.0
226.75, 242.00210571289062, -225.75950622558594, -231.0
227.0, 242.00210571289062, -221.3096160888672, -205.0
227.25, 242.00210571289062, -197.42005920410156, -178.0
227.5, 242.00210571289062, -167.16526794433594, -164.0
227.75, 242.00210571289062, -152.56661987304688, -164.0
228.0, 242.00210571289062, -152.70555114746094, -164.0
228.25, 242.00210571289062, -152.73043823242188, -164.0
228.5, 242.00210571289062, -154.1846923828125, -164.0
228.75, 242.00210571289062, -150.23312377929688, -164.0
229.0, 242.00210571289062, -150.62403869628906, -164.0
229.25, 242.00210571289062, -149.7796630859375, -164.0
229.5, 242.00210571289062, -148.00320434570312, -164.0
229.75, 242.00210571289062, -149.2401885986328, -164.0
230.0, 242.00210571289062, -146.48060607910156, -164.0
230.25, 242.00210571289062, -146.11578369140625, -164.0
230.5, 242.00210571289062, -149.5015869140625, -164.0
230.75, 242.00210571289062, -148.54222106933594, -164.0
231.0, 330.50225830078125, -146.16656494140625, -137.0
231.25, 330.50225830078125, -110.2873764038086, -102.0
231.5, 330.50225830078125, -72.49330139160156, -78.0
231.75, 330.50225830078125, -60.10664749145508, -78.0
232.0, 330.50225830078125, -59.97709655761719, -78.0
232.25, 330.50225830078125, -56.865150451660156, -78.0
232.5, 330.50225830078125, -56.948795318603516, -78.0
232.75, 330.50225830078125, -59.906864166259766, -78.0
233.0, 330.50225830078125, -58.95512390136719, -78.0
233.25, 330.50225830078125, -59.45659637451172, -78.0
233.5, 330.50225830078125, -59.69218826293945, -78.0
233.75, 330.50225830078125, -57.91618728637695, -78.0
234.0, 330.50225830078125, -59.82710647583008, -78.0
234.25, 330.50225830078125, -57.9306640625, -78.0
234.5, 330.50225830078125, -57.58884811401367, -78.0
234.75, 420.50225830078125, -56.457828521728516, -78.0
235.0, 420.50225830078125, -58.12611389160156, -78.0
235.25, 420.50225830078125, -41.967742919921875, -31.0
235.5, 420.50225830078125, 0.2728654146194458, -7.0
235.75, 420.50225830078125, 18.20349884033203, 13.0
236.0, 420.50225830078125, 26.637754440307617, 13.0
236.25, 420.50225830078125, 32.51564407348633, 13.0
236.5, 420.50225830078125, 30.66010284423828, 13.0
236.75, 420.50225830078125, 34.131248474121094, 13.0
237.0, 420.50225830078125, 35.003639221191406, 13.0
237.25, 420.50225830078125, 32.867279052734375, 13.0
237.5, 420.50225830078125, 31.037494659423828, 13.0
237.75, 420.50225830078125, 32.202327728271484, 13.0
238.0, 420.50225830078125, 33.15864562988281, 13.0
238.25, 420.50225830078125, 32.979522705078125, 13.0
238.5, 420.50225830078125, 29.424551010131836, 13.0
238.75, 510.50225830078125, 32.55613327026367, 13.0
239.0, 510.50225830078125, 42.89965057373047, 44.0
239.25, 510.50225830078125, 95.65208435058594, 104.0
239.5, 510.50225830078125, 123.0320053100586, 116.0
239.75, 510.50225830078125, 130.07200622558594, 116.0
240.0, 510.50225830078125, 132.68301391601562, 116.0
240.25, 510.50225830078125, 131.3482666015625, 116.0
240.5, 510.50225830078125, 131.59033203125, 116.0
240.75, 510.50225830078125, 132.85960388183594, 116.0
241.0, 510.50225830078125, 131.0459442138672, 116.0
241.25, 510.50225830078125, 129.42495727539062, 116.0
241.5, 510.50225830078125, 129.06600952148438, 116.0
241.75, 510.50225830078125, 131.17491149902344, 116.0
242.0, 510.50225830078125, 130.5631866455078, 116.0
242.25, 510.50225830078125, 129.47085571289062, 116.0
242.5, 510.50225830078125, 129.9081268310547, 116.0
242.75, 602.7523193359375, 129.58636474609375, 116.0
243.0, 602.7523193359375, 130.1400146484375, 116.0
243.25, 602.7523193359375, 147.40200805664062, 168.0
243.5, 602.7523193359375, 181.48809814453125, 188.0
243.75, 602.7523193359375, 196.3968963623047, 188.0
244.0, 602.7523193359375, 203.8146209716797, 188.0
244.25, 602.7523193359375, 198.19224548339844, 188.0
244.5, 602.7523193359375, 199.37319946289062, 188.0
244.75, 602.7523193359375, 197.61196899414062, 188.0
245.0, 602.7523193359375, 199.64651489257812, 188.0
245.25, 602.7523193359375, 200.8605499267578, 188.0
245.5, 602.7523193359375, 204.0905303955078, 188.0
245.75, 602.7523193359375, 202.16416931152344, 188.0
246.0, 602.7523193359375, 205.61654663085938, 188.0
246.25, 602.7523193359375, 204.6331329345703, 188.0
246.5, 602.7523193359375, 204.03004455566406, 188.0
246.75, 697.2523803710938, 202.52951049804688, 188.0
247.0, 697.2523803710938, 225.27432250976562, 220.0
247.25, 697.2523803710938, 260.7152404785156, 261.0
247.5, 697.2523803710938, 298.77923583984375, 286.0
247.75, 697.2523803710938, 313.6322021484375, 286.0
248.0, 697.2523803710938, 318.3070983886719, 286.0
248.25, 697.2523803710938, 319.8818664550781, 286.0
248.5, 697.2523803710938, 316.8324890136719, 286.0
248.75, 697.2523803710938, 316.6753234863281, 286.0
249.0, 697.2523803710938, 315.4219665527344, 286.0
249.25, 697.2523803710938, 318.81036376953125, 286.0
249.5, 697.2523803710938, 318.2178955078125, 286.0
249.75, 697.2523803710938, 318.3699035644531, 286.0
250.0, 697.2523803710938, 316.9406433105469, 286.0
250.25, 697.2523803710938, 317.9722595214844, 286.0
250.5, 697.2523803710938, 317.8365783691406, 286.0
250.75, 792.2523803710938, 318.9416198730469, 286.0
251.0, 792.2523803710938, 318.2610778808594, 311.0
251.25, 792.2523803710938, 334.57623291015625, 311.0
251.5, 792.2523803710938, 340.7085876464844, 352.0
251.75, 792.2523803710938, 387.37579345703125, 375.0
252.0, 792.2523803710938, 399.0052795410156, 375.0
252.25, 792.2523803710938, 402.3645935058594, 375.0
252.5, 792.2523803710938, 400.6662292480469, 375.0
252.75, 792.2523803710938, 405.08380126953125, 375.0
253.0, 792.2523803710938, 406.7222900390625, 375.0
253.25, 792.2523803710938, 403.7868957519531, 375.0
253.5, 792.2523803710938, 406.5174255371094, 375.0
253.75, 792.2523803710938, 404.4622497558594, 375.0
254.0, 792.2523803710938, 403.9088134765625, 375.0
254.25, 792.2523803710938, 404.84552001953125, 375.0
254.5, 792.2523803710938, 402.26715087890625, 375.0
254.75, 886.5023803710938, 403.35699462890625, 375.0
255.0, 886.5023803710938, 430.58026123046875, 429.0
255.25, 886.5023803710938, 471.9623107910156, 459.0
255.5, 886.5023803710938, 487.0521240234375, 467.0
255.75, 886.5023803710938, 485.5984802246094, 467.0
256.0, 886.5023803710938, 485.5802307128906, 467.0
256.25, 886.5023803710938, 487.51727294921875, 467.0
256.5, 886.5023803710938, 490.7247314453125, 467.0
256.75, 886.5023803710938, 486.3200378417969, 467.0
257.0, 886.5023803710938, 486.2146301269531, 467.0
257.25, 886.5023803710938, 486.1524353027344, 467.0
257.5, 886.5023803710938, 485.0238037109375, 467.0
257.75, 886.5023803710938, 488.64306640625, 467.0
258.0, 886.5023803710938, 487.6202697753906, 467.0
258.25, 886.5023803710938, 492.7206726074219, 467.0
258.5, 886.5023803710938, 490.9333190917969, 467.0
258.75, 958.0015869140625, 489.55029296875, 467.0
259.0, 958.0015869140625, 505.6846923828125, 521.0
259.25, 958.0015869140625, 557.0245361328125, 570.0
259.5, 958.0015869140625, 582.8174438476562, 570.0
259.75, 958.0015869140625, 590.9560546875, 570.0
260.0, 958.0015869140625, 587.650634765625, 570.0
260.25, 958.0015869140625, 586.03271484375, 570.0
260.5, 958.0015869140625, 586.6050415039062, 570.0
260.75, 958.0015869140625, 585.6683959960938, 570.0
261.0, 958.0015869140625, 585.634521484375, 570.0
261.25, 958.0015869140625, 585.54736328125, 570.0
261.5, 958.0015869140625, 585.0568237304688, 570.0
261.75, 958.0015869140625, 586.4614868164062, 570.0
262.0, 958.0015869140625, 586.1427612304688, 570.0
262.25, 958.0015869140625, 586.3175048828125, 570.0
262.5, 958.0015869140625, 584.4479370117188, 570.0
262.75, 1013.0012817382812, 585.9442138671875, 570.0
263.0, 1013.0012817382812, 596.2827758789062, 594.0
263.25, 1013.0012817382812, 602.461669921875, 594.0
263.5, 1013.0012817382812, 617.185791015625, 628.0
263.75, 1013.0012817382812, 642.4114379882812, 645.0
264.0, 1013.0012817382812, 648.7590942382812, 645.0
264.25, 1013.0012817382812, 650.9520874023438, 645.0
264.5, 1013.0012817382812, 652.8068237304688, 645.0
264.75, 1013.0012817382812, 652.3590698242188, 645.0
265.0, 1013.0012817382812, 652.3598022460938, 645.0
265.25, 1013.0012817382812, 651.845947265625, 645.0
265.5, 1013.0012817382812, 650.9828491210938, 645.0
265.75, 1013.0012817382812, 651.1895141601562, 645.0
266.0, 1013.0012817382812, 652.534423828125, 645.0
266.25, 1013.0012817382812, 651.0217895507812, 645.0
266.5, 1013.0012817382812, 650.9525756835938, 645.0
266.75, 1065.0013427734375, 651.7363891601562, 645.0
267.0, 1065.0013427734375, 662.3720092773438, 661.0
267.25, 1065.0013427734375, 674.1987915039062, 681.0
267.5, 1065.0013427734375, 685.6463623046875, 689.0
267.75, 1065.0013427734375, 689.5298461914062, 694.0
268.0, 1065.0013427734375, 693.4738159179688, 694.0
268.25, 1065.0013427734375, 695.2633666992188, 694.0
268.5, 1065.0013427734375, 696.3253784179688, 694.0
268.75, 1065.0013427734375, 694.0033569335938, 694.0
269.0, 1065.0013427734375, 694.318115234375, 694.0
269.25, 1065.0013427734375, 693.9158325195312, 694.0
269.5, 1065.0013427734375, 696.3941040039062, 694.0
269.75, 1065.0013427734375, 695.2474365234375, 694.0
270.0, 1065.0013427734375, 694.41162109375, 694.0
270.25, 1065.0013427734375, 698.8817749023438, 694.0
270.5, 1065.0013427734375, 695.6530151367188, 694.0
270.75, 1116.251220703125, 694.1021118164062, 694.0
271.0, 1116.251220703125, 693.4935302734375, 690.0
271.25, 1116.251220703125, 691.3673706054688, 690.0
271.5, 1116.251220703125, 698.4325561523438, 709.0
271.75, 1116.251220703125, 716.4934692382812, 731.0
272.0, 1116.251220703125, 730.3722534179688, 731.0
272.25, 1116.251220703125, 734.8040771484375, 731.0
272.5, 1116.251220703125, 733.4385375976562, 731.0
272.75, 1116.251220703125, 732.0939331054688, 731.0
273.0, 1116.251220703125, 733.4484252929688, 731.0
273.25, 1116.251220703125, 735.5098266601562, 731.0
273.5, 1116.251220703125, 735.6221313476562, 731.0
273.75, 1116.251220703125, 732.1240844726562, 731.0
274.0, 1116.251220703125, 734.6556396484375, 731.0
274.25, 1116.251220703125, 735.845947265625, 731.0
274.5, 1116.251220703125, 734.9661865234375, 731.0
274.75, 1160.5010986328125, 732.3471069335938, 731.0
275.0, 1160.5010986328125, 755.9735107421875, 774.0
275.25, 1160.5010986328125, 786.5936889648438, 806.0
275.5, 1160.5010986328125, 810.8421630859375, 814.0
275.75, 1160.5010986328125, 813.50439453125, 814.0
276.0, 1160.5010986328125, 810.5333862304688, 814.0
276.25, 1160.5010986328125, 814.2074584960938, 814.0
276.5, 1160.5010986328125, 814.9320678710938, 814.0
276.75, 1160.5010986328125, 814.8943481445312, 814.0
277.0, 1160.5010986328125, 815.0413818359375, 814.0
277.25, 1160.5010986328125, 815.583740234375, 814.0
277.5, 1160.5010986328125, 814.1954345703125, 814.0
277.75, 1160.5010986328125, 812.975830078125, 814.0
278.0, 1160.5010986328125, 810.915771484375, 814.0
278.25, 1160.5010986328125, 813.1188354492188, 814.0
278.5, 1160.5010986328125, 813.5516967773438, 814.0
278.75, 1198.7509765625, 813.6517944335938, 814.0
279.0, 1198.7509765625, 815.6580200195312, 822.0
279.25, 1198.7509765625, 820.5341186523438, 846.0
279.5, 1198.7509765625, 840.5411987304688, 848.0
279.75, 1198.7509765625, 843.7371826171875, 848.0
280.0, 1198.7509765625, 843.7155151367188, 848.0
280.25, 1198.7509765625, 844.7929077148438, 848.0
280.5, 1198.7509765625, 844.2848510742188, 848.0
280.75, 1198.7509765625, 844.602294921875, 848.0
281.0, 1198.7509765625, 845.3379516601562, 848.0
281.25, 1198.7509765625, 844.5108642578125, 848.0
281.5, 1198.7509765625, 847.1466064453125, 848.0
281.75, 1198.7509765625, 846.840576171875, 848.0
282.0, 1198.7509765625, 845.2557373046875, 848.0
282.25, 1198.7509765625, 841.6329956054688, 848.0
282.5, 1198.7509765625, 845.7586059570312, 848.0
282.75, 1236.5009765625, 846.1973876953125, 848.0
283.0, 1236.5009765625, 817.7830200195312, 791.0
283.25, 1236.5009765625, 804.5112915039062, 800.0
283.5, 1236.5009765625, 791.9629516601562, 790.0
283.75, 1236.5009765625, 787.7314453125, 790.0
284.0, 1236.5009765625, 784.2699584960938, 790.0
284.25, 1236.5009765625, 790.1776123046875, 790.0
284.5, 1236.5009765625, 799.2576904296875, 790.0
284.75, 1236.5009765625, 790.7672729492188, 790.0
285.0, 1236.5009765625, 789.7849731445312, 790.0
285.25, 1236.5009765625, 791.1275634765625, 790.0
285.5, 1236.5009765625, 791.349853515625, 790.0
285.75, 1236.5009765625, 790.6182861328125, 790.0
286.0, 1236.5009765625, 786.60888671875, 790.0
286.25, 1236.5009765625, 786.219482421875, 790.0
286.5, 1236.5009765625, 787.583740234375, 790.0
286.75, 1273.7509765625, 787.730712890625, 790.0
287.0, 1273.7509765625, 810.7855834960938, 840.0
287.25, 1273.7509765625, 827.8546752929688, 840.0
287.5, 1273.7509765625, 842.24560546875, 901.0
287.75, 1273.7509765625, 888.5909423828125, 919.0
288.0, 1273.7509765625, 904.1967163085938, 919.0
288.25, 1273.7509765625, 905.713623046875, 919.0
288.5, 1273.7509765625, 907.9513549804688, 919.0
288.75, 1273.7509765625, 911.4985961914062, 919.0
289.0, 1273.7509765625, 908.5162353515625, 919.0
289.25, 1273.7509765625, 907.435546875, 919.0
289.5, 1273.7509765625, 908.199462890625, 919.0
289.75, 1273.7509765625, 907.6471557617188, 919.0
290.0, 1273.7509765625, 909.27783203125, 919.0
290.25, 1273.7509765625, 905.3973999023438, 919.0
290.5, 1273.7509765625, 906.5501708984375, 919.0
290.75, 1310.7509765625, 908.4907836914062, 919.0
291.0, 1310.7509765625, 917.1771240234375, 936.0
291.25, 1310.7509765625, 936.3697509765625, 963.0
291.5, 1310.7509765625, 949.5379638671875, 963.0
291.75, 1310.7509765625, 952.8922729492188, 963.0
292.0, 1310.7509765625, 955.8837890625, 963.0
292.25, 1310.7509765625, 953.7411499023438, 963.0
292.5, 1310.7509765625, 951.2646484375, 963.0
292.75, 1310.7509765625, 953.2852783203125, 963.0
293.0, 1310.7509765625, 954.0584716796875, 963.0
293.25, 1310.7509765625, 953.4256591796875, 963.0
293.5, 1310.7509765625, 952.2033081054688, 963.0
293.75, 1310.7509765625, 952.1800537109375, 963.0
294.0, 1310.7509765625, 953.4029541015625, 963.0
294.25, 1310.7509765625, 952.8864135742188, 963.0
294.5, 1310.7509765625, 952.434326171875, 963.0
294.75, 1365.00146484375, 954.4404296875, 963.0
295.0, 1365.00146484375, 955.2879028320312, 969.0
295.25, 1365.00146484375, 967.0921630859375, 986.0
295.5, 1365.00146484375, 972.603515625, 992.0
295.75, 1365.00146484375, 975.779052734375, 992.0
296.0, 1365.00146484375, 975.0233764648438, 992.0
296.25, 1365.00146484375, 974.0987548828125, 992.0
296.5, 1365.00146484375, 972.71484375, 992.0
296.75, 1365.00146484375, 973.0081787109375, 992.0
297.0, 1365.00146484375, 974.9309692382812, 992.0
297.25, 1365.00146484375, 974.391357421875, 992.0
297.5, 1365.00146484375, 972.8897094726562, 992.0
297.75, 1365.00146484375, 973.7437744140625, 992.0
298.0, 1365.00146484375, 973.611572265625, 992.0
298.25, 1365.00146484375, 974.3313598632812, 992.0
298.5, 1365.00146484375, 976.0138549804688, 992.0
298.75, 1431.751708984375, 973.9757690429688, 992.0
299.0, 1431.751708984375, 985.8662719726562, 1009.0
299.25, 1431.751708984375, 1003.3778076171875, 1029.0
299.5, 1431.751708984375, 1017.8699951171875, 1043.0
299.75, 1431.751708984375, 1021.7542724609375, 1043.0
300.0, 1431.751708984375, 1023.9773559570312, 1043.0
300.25, 1431.751708984375, 1023.4374389648438, 1043.0
300.5, 1431.751708984375, 1021.8352661132812, 1043.0
300.75, 1431.751708984375, 1022.2909545898438, 1043.0
301.0, 1431.751708984375, 1023.6607055664062, 1043.0
301.25, 1431.751708984375, 1025.32568359375, 1043.0
301.5, 1431.751708984375, 1022.573486328125, 1043.0
301.75, 1431.751708984375, 1023.2507934570312, 1043.0
302.0, 1431.751708984375, 1022.9124145507812, 1043.0
302.25, 1431.751708984375, 1025.5360107421875, 1043.0
302.5, 1431.751708984375, 1024.2095947265625, 1043.0
302.75, 1500.001708984375, 1021.8577270507812, 1043.0
303.0, 1500.001708984375, 1029.688232421875, 1066.0
303.25, 1500.001708984375, 1069.216064453125, 1112.0
303.5, 1500.001708984375, 1091.478759765625, 1118.0
303.75, 1500.001708984375, 1095.9434814453125, 1118.0
304.0, 1500.001708984375, 1095.2686767578125, 1118.0
304.25, 1500.001708984375, 1095.2469482421875, 1118.0
304.5, 1500.001708984375, 1097.8587646484375, 1118.0
304.75, 1500.001708984375, 1093.6552734375, 1118.0
305.0, 1500.001708984375, 1097.6531982421875, 1118.0
305.25, 1500.001708984375, 1096.50439453125, 1118.0
305.5, 1500.001708984375, 1097.2918701171875, 1118.0
305.75, 1500.001708984375, 1096.0078125, 1118.0
306.0, 1500.001708984375, 1096.7283935546875, 1118.0
306.25, 1500.001708984375, 1098.824951171875, 1118.0
306.5, 1500.001708984375, 1098.7073974609375, 1118.0
306.75, 1568.751708984375, 1094.880859375, 1142.0
307.0, 1568.751708984375, 1124.65966796875, 1178.0
307.25, 1568.751708984375, 1159.789306640625, 1199.0
307.5, 1568.751708984375, 1170.31982421875, 1199.0
307.75, 1568.751708984375, 1170.3028564453125, 1199.0
308.0, 1568.751708984375, 1169.994384765625, 1199.0
308.25, 1568.751708984375, 1171.47607421875, 1199.0
308.5, 1568.751708984375, 1174.6876220703125, 1199.0
308.75, 1568.751708984375, 1175.3416748046875, 1199.0
309.0, 1568.751708984375, 1171.0711669921875, 1199.0
309.25, 1568.751708984375, 1174.1595458984375, 1199.0
309.5, 1568.751708984375, 1174.8187255859375, 1199.0
309.75, 1568.751708984375, 1173.0316162109375, 1199.0
310.0, 1568.751708984375, 1172.0338134765625, 1199.0
310.25, 1568.751708984375, 1174.3759765625, 1199.0
310.5, 1568.751708984375, 1174.965087890625, 1199.0
310.75, 1659.50244140625, 1173.0499267578125, 1222.0
311.0, 1659.50244140625, 1186.83544921875, 1222.0
311.25, 1659.50244140625, 1188.35107421875, 1222.0
311.5, 1659.50244140625, 1189.98388671875, 1222.0
311.75, 1659.50244140625, 1191.100341796875, 1222.0
312.0, 1659.50244140625, 1196.8553466796875, 1251.0
312.25, 1659.50244140625, 1218.3262939453125, 1270.0
312.5, 1659.50244140625, 1233.7427978515625, 1270.0
312.75, 1659.50244140625, 1239.7847900390625, 1270.0
313.0, 1659.50244140625, 1234.238525390625, 1270.0
313.25, 1659.50244140625, 1236.2452392578125, 1270.0
313.5, 1659.50244140625, 1235.9810791015625, 1270.0
313.75, 1659.50244140625, 1237.233642578125, 1270.0
314.0, 1659.50244140625, 1238.4071044921875, 1270.0
314.25, 1659.50244140625, 1237.990478515625, 1270.0
314.5, 1659.50244140625, 1238.1922607421875, 1270.0
314.75, 1765.752685546875, 1239.8155517578125, 1270.0
315.0, 1765.752685546875, 1254.438232421875, 1310.0
315.25, 1765.752685546875, 1281.758544921875, 1336.0
315.5, 1765.752685546875, 1294.429931640625, 1336.0
315.75, 1765.752685546875, 1296.930419921875, 1336.0
316.0, 1765.752685546875, 1294.655029296875, 1336.0
316.25, 1765.752685546875, 1297.44384765625, 1336.0
316.5, 1765.752685546875, 1294.807373046875, 1336.0
316.75, 1765.752685546875, 1300.103271484375, 1336.0
317.0, 1765.752685546875, 1299.0504150390625, 1336.0
317.25, 1765.752685546875, 1300.2794189453125, 1336.0
317.5, 1765.752685546875, 1300.5450439453125, 1336.0
317.75, 1765.752685546875, 1300.182373046875, 1336.0
318.0, 1765.752685546875, 1301.7110595703125, 1336.0
318.25, 1765.752685546875, 1301.2901611328125, 1336.0
318.5, 1765.752685546875, 1301.78173828125, 1336.0
318.75, 1874.752685546875, 1300.32861328125, 1336.0
319.0, 1874.752685546875, 1328.901123046875, 1409.0
319.25, 1874.752685546875, 1357.445556640625, 1409.0
319.5, 1874.752685546875, 1391.883056640625, 1476.0
319.75, 1874.752685546875, 1418.080810546875, 1476.0
320.0, 1874.752685546875, 1424.8671875, 1476.0
320.25, 1874.752685546875, 1423.719970703125, 1476.0
320.5, 1874.752685546875, 1424.4915771484375, 1476.0
320.75, 1874.752685546875, 1424.8515625, 1476.0
321.0, 1874.752685546875, 1424.5556640625, 1476.0
321.25, 1874.752685546875, 1422.7301025390625, 1476.0
321.5, 1874.752685546875, 1422.7967529296875, 1476.0
321.75, 1874.752685546875, 1426.1192626953125, 1476.0
322.0, 1874.752685546875, 1425.8272705078125, 1476.0
322.25, 1874.752685546875, 1424.8984375, 1476.0
322.5, 1874.752685546875, 1428.2464599609375, 1476.0
322.75, 1960.501953125, 1425.9888916015625, 1476.0
323.0, 1960.501953125, 1436.6512451171875, 1560.0
323.25, 1960.501953125, 1495.60888671875, 1589.0
323.5, 1960.501953125, 1516.6873779296875, 1589.0
323.75, 1960.501953125, 1523.6595458984375, 1589.0
324.0, 1960.501953125, 1522.92626953125, 1589.0
324.25, 1960.501953125, 1522.7442626953125, 1589.0
324.5, 1960.501953125, 1522.183837890625, 1589.0
324.75, 1960.501953125, 1521.5799560546875, 1589.0
325.0, 1960.501953125, 1521.776611328125, 1589.0
325.25, 1960.501953125, 1523.1944580078125, 1589.0
325.5, 1960.501953125, 1520.9954833984375, 1589.0
325.75, 1960.501953125, 1522.935302734375, 1589.0
326.0, 1960.501953125, 1523.752685546875, 1589.0
326.25, 1960.501953125, 1523.8551025390625, 1589.0
326.5, 1960.501953125, 1521.2303466796875, 1589.0
326.75, 2041.5020751953125, 1524.6326904296875, 1623.0
327.0, 2041.5020751953125, 1553.140869140625, 1661.0
327.25, 2041.5020751953125, 1584.011474609375, 1685.0
327.5, 2041.5020751953125, 1596.8431396484375, 1685.0
327.75, 2041.5020751953125, 1599.5025634765625, 1685.0
328.0, 2041.5020751953125, 1603.6492919921875, 1685.0
328.25, 2041.5020751953125, 1602.5146484375, 1685.0
328.5, 2041.5020751953125, 1602.353271484375, 1685.0
328.75, 2041.5020751953125, 1602.3848876953125, 1685.0
329.0, 2041.5020751953125, 1602.686279296875, 1685.0
329.25, 2041.5020751953125, 1604.3052978515625, 1685.0
329.5, 2041.5020751953125, 1604.28515625, 1685.0
329.75, 2041.5020751953125, 1602.324951171875, 1685.0
330.0, 2041.5020751953125, 1604.5848388671875, 1685.0
330.25, 2041.5020751953125, 1605.38330078125, 1685.0
330.5, 2041.5020751953125, 1603.4886474609375, 1685.0
330.75, 2147.5029296875, 1602.367431640625, 1685.0
331.0, 2147.5029296875, 1621.3350830078125, 1712.0
331.25, 2147.5029296875, 1626.6317138671875, 1750.0
331.5, 2147.5029296875, 1659.2154541015625, 1771.0
331.75, 2147.5029296875, 1670.099853515625, 1771.0
332.0, 2147.5029296875, 1672.0299072265625, 1771.0
332.25, 2147.5029296875, 1674.7425537109375, 1771.0
332.5, 2147.5029296875, 1674.16552734375, 1771.0
332.75, 2147.5029296875, 1673.00927734375, 1771.0
333.0, 2147.5029296875, 1673.05224609375, 1771.0
333.25, 2147.5029296875, 1674.16845703125, 1771.0
333.5, 2147.5029296875, 1675.2947998046875, 1771.0
333.75, 2147.5029296875, 1673.128173828125, 1771.0
334.0, 2147.5029296875, 1674.015380859375, 1771.0
334.25, 2147.5029296875, 1676.291259765625, 1771.0
334.5, 2147.5029296875, 1674.88720703125, 1771.0
334.75, 2260.002685546875, 1673.127685546875, 1771.0
335.0, 2260.002685546875, 1694.2916259765625, 1852.0
335.25, 2260.002685546875, 1745.5079345703125, 1880.0
335.5, 2260.002685546875, 1766.175048828125, 1880.0
335.75, 2260.002685546875, 1769.039306640625, 1880.0
336.0, 2260.002685546875, 1765.6749267578125, 1880.0
336.25, 2260.002685546875, 1768.7447509765625, 1880.0
336.5, 2260.002685546875, 1770.619384765625, 1880.0
336.75, 2260.002685546875, 1768.80810546875, 1880.0
337.0, 2260.002685546875, 1766.0875244140625, 1880.0
337.25, 2260.002685546875, 1767.110595703125, 1880.0
337.5, 2260.002685546875, 1768.1358642578125, 1880.0
337.75, 2260.002685546875, 1768.010498046875, 1880.0
338.0, 2260.002685546875, 1766.6781005859375, 1880.0
338.25, 2260.002685546875, 1769.5400390625, 1880.0
338.5, 2260.002685546875, 1770.406982421875, 1880.0
338.75, 2371.252685546875, 1775.6328125, 1918.0
339.0, 2371.252685546875, 1820.8719482421875, 1982.0
339.25, 2371.252685546875, 1855.628662109375, 1993.0
339.5, 2371.252685546875, 1865.5787353515625, 1993.0
339.75, 2371.252685546875, 1863.55224609375, 1993.0
340.0, 2371.252685546875, 1862.93115234375, 1993.0
340.25, 2371.252685546875, 1862.9813232421875, 1993.0
340.5, 2371.252685546875, 1863.3773193359375, 1993.0
340.75, 2371.252685546875, 1866.4205322265625, 1993.0
341.0, 2371.252685546875, 1864.36083984375, 1993.0
341.25, 2371.252685546875, 1860.80126953125, 1993.0
341.5, 2371.252685546875, 1861.71826171875, 1993.0
341.75, 2371.252685546875, 1864.5213623046875, 1993.0
342.0, 2371.252685546875, 1861.7518310546875, 1993.0
342.25, 2371.252685546875, 1862.8077392578125, 1993.0
342.5, 2371.252685546875, 1868.0032958984375, 1993.0
342.75, 2481.502685546875, 1868.918212890625, 1993.0
343.0, 2481.502685546875, 1889.078125, 2069.0
343.25, 2481.502685546875, 1924.8905029296875, 2084.0
343.5, 2481.502685546875, 1936.2236328125, 2093.0
343.75, 2481.502685546875, 1944.7530517578125, 2093.0
344.0, 2481.502685546875, 1945.6217041015625, 2093.0
344.25, 2481.502685546875, 1945.6298828125, 2093.0
344.5, 2481.502685546875, 1946.1209716796875, 2093.0
344.75, 2481.502685546875, 1947.2100830078125, 2093.0
345.0, 2481.502685546875, 1945.399169921875, 2093.0
345.25, 2481.502685546875, 1945.8299560546875, 2093.0
345.5, 2481.502685546875, 1944.7462158203125, 2093.0
345.75, 2481.502685546875, 1948.583740234375, 2093.0
346.0, 2481.502685546875, 1947.4451904296875, 2093.0
346.25, 2481.502685546875, 1947.0867919921875, 2093.0
346.5, 2481.502685546875, 1949.77197265625, 2093.0
346.75, 2608.75341796875, 1950.050048828125, 2093.0
347.0, 2608.75341796875, 1957.1298828125, 2128.0
347.25, 2608.75341796875, 2006.648681640625, 2209.0
347.5, 2608.75341796875, 2041.65380859375, 2209.0
347.75, 2608.75341796875, 2048.374755859375, 2209.0
348.0, 2608.75341796875, 2052.357666015625, 2209.0
348.25, 2608.75341796875, 2051.02294921875, 2209.0
348.5, 2608.75341796875, 2050.169921875, 2209.0
348.75, 2608.75341796875, 2055.603759765625, 2209.0
349.0, 2608.75341796875, 2051.807373046875, 2209.0
349.25, 2608.75341796875, 2051.84375, 2209.0
349.5, 2608.75341796875, 2052.9228515625, 2209.0
349.75, 2608.75341796875, 2052.922607421875, 2209.0
350.0, 2608.75341796875, 2054.808349609375, 2209.0
350.25, 2608.75341796875, 2054.65966796875, 2209.0
350.5, 2608.75341796875, 2054.672119140625, 2209.0
350.75, 2748.503662109375, 2054.992919921875, 2250.0
351.0, 2748.503662109375, 2102.71337890625, 2304.0
351.25, 2748.503662109375, 2143.3671875, 2336.0
351.5, 2748.503662109375, 2154.176513671875, 2336.0
351.75, 2748.503662109375, 2157.6552734375, 2336.0
352.0, 2748.503662109375, 2161.662841796875, 2336.0
352.25, 2748.503662109375, 2161.794921875, 2336.0
352.5, 2748.503662109375, 2161.390380859375, 2336.0
352.75, 2748.503662109375, 2165.178466796875, 2336.0
353.0, 2748.503662109375, 2166.739013671875, 2336.0
353.25, 2748.503662109375, 2163.9990234375, 2336.0
353.5, 2748.503662109375, 2163.64111328125, 2336.0
353.75, 2748.503662109375, 2165.09619140625, 2336.0
354.0, 2748.503662109375, 2165.10791015625, 2336.0
354.25, 2748.503662109375, 2169.905517578125, 2336.0
354.5, 2748.503662109375, 2165.2607421875, 2336.0
354.75, 2889.75341796875, 2168.726318359375, 2336.0
355.0, 2889.75341796875, 2193.5751953125, 2383.0
355.25, 2889.75341796875, 2224.03955078125, 2448.0
355.5, 2889.75341796875, 2271.531005859375, 2487.0
355.75, 2889.75341796875, 2295.29345703125, 2487.0
356.0, 2889.75341796875, 2298.01513671875, 2487.0
356.25, 2889.75341796875, 2299.776611328125, 2487.0
356.5, 2889.75341796875, 2300.72607421875, 2487.0
356.75, 2889.75341796875, 2299.830810546875, 2487.0
357.0, 2889.75341796875, 2304.634521484375, 2487.0
357.25, 2889.75341796875, 2306.314453125, 2487.0
357.5, 2889.75341796875, 2305.9267578125, 2487.0
357.75, 2889.75341796875, 2300.8779296875, 2487.0
358.0, 2889.75341796875, 2303.04296875, 2487.0
358.25, 2889.75341796875, 2306.5908203125, 2487.0
358.5, 2889.75341796875, 2306.185302734375, 2487.0
358.75, 3031.503662109375, 2307.160400390625, 2543.0
359.0, 3031.503662109375, 2357.87744140625, 2616.0
359.25, 3031.503662109375, 2406.945068359375, 2653.0
359.5, 3031.503662109375, 2434.107421875, 2653.0
359.75, 3031.503662109375, 2436.484619140625, 2653.0
360.0, 3031.503662109375, 2439.3994140625, 2653.0
360.25, 3031.503662109375, 2441.75048828125, 2653.0
360.5, 3031.503662109375, 2446.71435546875, 2653.0
360.75, 3031.503662109375, 2444.238525390625, 2653.0
361.0, 3031.503662109375, 2444.78759765625, 2653.0
361.25, 3031.503662109375, 2448.239990234375, 2653.0
361.5, 3031.503662109375, 2446.903564453125, 2653.0
361.75, 3031.503662109375, 2442.3837890625, 2653.0
362.0, 3031.503662109375, 2443.180908203125, 2653.0
362.25, 3031.503662109375, 2446.38134765625, 2653.0
362.5, 3031.503662109375, 2447.450927734375, 2653.0
362.75, 3173.503662109375, 2447.5029296875, 2653.0
363.0, 3173.503662109375, 2477.91455078125, 2726.0
363.25, 3173.503662109375, 2543.5732421875, 2799.0
363.5, 3173.503662109375, 2562.22314453125, 2799.0
363.75, 3173.503662109375, 2563.18798828125, 2799.0
364.0, 3173.503662109375, 2560.31103515625, 2799.0
364.25, 3173.503662109375, 2567.28076171875, 2799.0
364.5, 3173.503662109375, 2567.469970703125, 2799.0
364.75, 3173.503662109375, 2568.411865234375, 2799.0
365.0, 3173.503662109375, 2568.415771484375, 2799.0
365.25, 3173.503662109375, 2573.06591796875, 2799.0
365.5, 3173.503662109375, 2571.968505859375, 2799.0
365.75, 3173.503662109375, 2569.222412109375, 2799.0
366.0, 3173.503662109375, 2568.711181640625, 2799.0
366.25, 3173.503662109375, 2569.66796875, 2799.0
366.5, 3173.503662109375, 2571.973388671875, 2799.0
366.75, 3286.252685546875, 2572.067138671875, 2799.0
367.0, 3286.252685546875, 2593.6357421875, 2846.0
367.25, 3286.252685546875, 2660.01953125, 2936.0
367.5, 3286.252685546875, 2697.40283203125, 2949.0
367.75, 3286.252685546875, 2698.625732421875, 2949.0
368.0, 3286.252685546875, 2698.46826171875, 2949.0
368.25, 3286.252685546875, 2699.375244140625, 2949.0
368.5, 3286.252685546875, 2699.428955078125, 2949.0
368.75, 3286.252685546875, 2700.621337890625, 2949.0
369.0, 3286.252685546875, 2702.060302734375, 2949.0
369.25, 3286.252685546875, 2703.516357421875, 2949.0
369.5, 3286.252685546875, 2705.51953125, 2949.0