Time, Microgrid1.Inverter.Pref, Microgrid1.Inverter.P1, Microgrid1.ESS.Lead acid.SOC, Microgrid1.PV.P
0.25, 0.0, 6734.01025390625, 0.5127339959144592, 4065.479248046875
0.5, 0.0, -138.9523468017578, 0.5280258059501648, 4065.479248046875
0.75, 0.0, -2096.105712890625, 0.5415947437286377, 4065.479248046875
1.0, 0.0, -1285.2744140625, 0.5550867915153503, 4146.0849609375
1.25, 0.0, -567.16650390625, 0.562223494052887, 4146.0849609375
1.5, 0.0, -241.83633422851562, 0.5636391639709473, 4146.0849609375
1.75, 0.0, -134.66094970703125, 0.5638783574104309, 4146.0849609375
2.0, 0.0, -100.17253875732422, 0.5639312863349915, 4146.0849609375
2.25, 0.0, -86.5679702758789, 0.5639520883560181, 4146.0849609375
2.5, 0.0, -80.1024169921875, 0.5639661550521851, 4146.0849609375
2.75, 0.0, -74.9482421875, 0.5639792084693909, 4146.0849609375
3.0, 0.0, -71.4013442993164, 0.5639920830726624, 4146.0849609375
3.25, 0.0, -68.64381408691406, 0.5640048384666443, 4146.0849609375
3.5, 0.0, -65.72071075439453, 0.5640178322792053, 4146.0849609375
3.75, 0.0, -62.70558547973633, 0.5640304088592529, 4146.0849609375
4.0, 2000.0, -21.122821807861328, 0.5640432238578796, 4146.0849609375
4.25, 2000.0, 178.5064697265625, 0.5640559792518616, 4146.0849609375
4.5, 2000.0, 1119.32275390625, 0.5640677213668823, 4146.0849609375
4.75, 2000.0, 1584.837158203125, 0.5640770792961121, 4146.0849609375
5.0, 2000.0, 1811.251953125, 0.564084529876709, 4146.0849609375
5.25, 2000.0, 1909.478759765625, 0.5640917420387268, 4146.0849609375
5.5, 2000.0, 1948.1148681640625, 0.5640987157821655, 4146.0849609375
5.75, 2000.0, 1965.3411865234375, 0.564105212688446, 4146.0849609375
6.0, 2000.0, 1987.808837890625, 0.5641120672225952, 4146.0849609375
6.25, 2000.0, 1990.276611328125, 0.5641187429428101, 4146.0849609375
6.5, 2000.0, 1995.7550048828125, 0.5641255378723145, 4146.0849609375
6.75, 2000.0, 1997.0447998046875, 0.5641322731971741, 4146.0849609375
7.0, 2000.0, 1999.125, 0.5641388297080994, 4146.0849609375
7.25, 2000.0, 2001.2476806640625, 0.5641453266143799, 4146.0849609375
7.5, 2000.0, 2000.3724365234375, 0.5641520619392395, 4146.0849609375
7.75, 2000.0, 1998.526123046875, 0.5641588568687439, 4146.0849609375
8.0, 2000.0, 2001.156005859375, 0.5641654133796692, 4146.0849609375
8.25, 2000.0, 1999.8902587890625, 0.5641719698905945, 4146.0849609375
8.5, 2000.0, 1998.9573974609375, 0.5641787052154541, 4146.0849609375
8.75, 3000.0, 2609.36376953125, 0.5641851425170898, 4146.0849609375
9.0, 3000.0, 2869.172607421875, 0.5641905665397644, 4146.0849609375
9.25, 3000.0, 2941.596923828125, 0.5641951560974121, 4146.0849609375
9.5, 3000.0, 2967.450927734375, 0.5641997456550598, 4146.0849609375
9.75, 3000.0, 2982.509521484375, 0.5642043352127075, 4146.0849609375
10.0, 3000.0, 2990.43701171875, 0.5642088651657104, 4146.0849609375
10.25, 3000.0, 2992.76904296875, 0.5642133355140686, 4146.0849609375
10.5, 3000.0, 2997.47314453125, 0.5642178654670715, 4146.0849609375
10.75, 3000.0, 2995.0732421875, 0.5642223954200745, 4146.0849609375
11.0, 3000.0, 2998.309814453125, 0.5642268657684326, 4146.0849609375
11.25, 3000.0, 2999.08447265625, 0.5642314553260803, 4146.0849609375
11.5, 3000.0, 2998.9853515625, 0.5642358660697937, 4146.0849609375
11.75, 3000.0, 2999.591064453125, 0.5642403960227966, 4146.0849609375
12.0, 3000.0, 2999.311767578125, 0.5642448663711548, 4146.0849609375
12.25, 3000.0, 2999.937255859375, 0.5642492771148682, 4146.0849609375
12.5, 3000.0, 3000.220458984375, 0.5642537474632263, 4146.0849609375
12.75, 3000.0, 2999.278076171875, 0.5642582178115845, 4146.0849609375
13.0, 3000.0, 2999.850341796875, 0.5642626881599426, 4146.0849609375
13.25, 3000.0, 3000.288818359375, 0.5642671585083008, 4146.0849609375
13.5, 10000.0, 8515.4423828125, 0.5642690658569336, 4146.0849609375
13.75, 10000.0, 9668.705078125, 0.5642614364624023, 4146.0849609375
14.0, 10000.0, 9907.525390625, 0.5642459392547607, 4146.0849609375
14.25, 10000.0, 9961.142578125, 0.5642262697219849, 4146.0849609375
14.5, 10000.0, 9987.0673828125, 0.5642051100730896, 4146.0849609375
14.75, 10000.0, 9995.5751953125, 0.5641834139823914, 4146.0849609375
15.0, 10000.0, 10000.7353515625, 0.5641626119613647, 4146.0849609375
15.25, 10000.0, 9998.4541015625, 0.5641406178474426, 4146.0849609375
15.5, 10000.0, 9998.6669921875, 0.5641190409660339, 4146.0849609375
15.75, 10000.0, 10000.9091796875, 0.5640978217124939, 4146.0849609375
16.0, 10000.0, 10000.384765625, 0.5640755295753479, 4146.0849609375
16.25, 10000.0, 10003.0087890625, 0.5640533566474915, 4146.0849609375
16.5, 10000.0, 9998.494140625, 0.564031183719635, 4146.0849609375
16.75, 10000.0, 10000.474609375, 0.5640096068382263, 4146.0849609375
17.0, 10000.0, 9999.78515625, 0.5639880895614624, 4146.0849609375
17.25, 10000.0, 9998.419921875, 0.5639659762382507, 4146.0849609375
17.5, 10000.0, 9999.8310546875, 0.56394362449646, 4146.0849609375
17.75, 10000.0, 9999.953125, 0.5639214515686035, 4146.0849609375
18.0, 10000.0, 9998.8134765625, 0.5638993978500366, 4146.0849609375
18.25, 5000.0, 6173.8759765625, 0.5638817548751831, 4146.0849609375
18.5, 5000.0, 5210.80224609375, 0.5638764500617981, 4146.0849609375
18.75, 5000.0, 5037.5712890625, 0.563875138759613, 4146.0849609375
19.0, 5000.0, 5002.63916015625, 0.5638747811317444, 4146.0849609375
19.25, 5000.0, 5003.49267578125, 0.5638745427131653, 4146.0849609375
19.5, 5000.0, 5002.78515625, 0.5638741850852966, 4146.0849609375
19.75, 5000.0, 5001.19580078125, 0.5638737082481384, 4146.0849609375
20.0, 5000.0, 4998.23486328125, 0.5638731718063354, 4146.0849609375
20.25, 5000.0, 5001.3349609375, 0.5638726949691772, 4146.0849609375
20.5, 5000.0, 4999.1650390625, 0.5638721585273743, 4146.0849609375
20.75, 5000.0, 5000.0478515625, 0.5638716220855713, 4146.0849609375
21.0, 5000.0, 4999.88232421875, 0.5638710856437683, 4146.0849609375
21.25, 5000.0, 5001.8232421875, 0.5638706088066101, 4146.0849609375
21.5, 5000.0, 4999.34716796875, 0.5638700723648071, 4146.0849609375
21.75, 5000.0, 4998.64453125, 0.5638695359230042, 4146.0849609375
22.0, 5000.0, 4996.74072265625, 0.5638689994812012, 4146.0849609375
22.25, 5000.0, 5002.458984375, 0.563868522644043, 4146.0849609375
22.5, 5000.0, 4998.02197265625, 0.56386798620224, 4146.0849609375
22.75, 5000.0, 4997.62939453125, 0.563867449760437, 4146.0849609375
23.0, 4000.0, 4316.7626953125, 0.5638671517372131, 4146.0849609375
23.25, 4000.0, 4094.8916015625, 0.5638676285743713, 4146.0849609375
23.5, 4000.0, 4032.6826171875, 0.5638685822486877, 4146.0849609375
23.75, 4000.0, 4009.21435546875, 0.5638697147369385, 4146.0849609375
24.0, 4000.0, 4002.737548828125, 0.5638710260391235, 4146.0849609375
24.25, 4000.0, 3999.49755859375, 0.5638722777366638, 4146.0849609375
24.5, 4000.0, 3999.2109375, 0.5638735890388489, 4146.0849609375
24.75, 4000.0, 3998.36474609375, 0.5638749003410339, 4146.0849609375
25.0, 4000.0, 3998.7021484375, 0.563876211643219, 4146.0849609375
25.25, 4000.0, 4000.47802734375, 0.5638774633407593, 4146.0849609375
25.5, 4000.0, 4000.642578125, 0.5638787746429443, 4146.0849609375
25.75, 4000.0, 4000.08740234375, 0.5638800859451294, 4146.0849609375
26.0, 4000.0, 4000.4716796875, 0.5638813972473145, 4146.0849609375
26.25, 4000.0, 4000.01123046875, 0.5638827085494995, 4146.0849609375
26.5, 4000.0, 3999.587158203125, 0.5638840198516846, 4146.0849609375
26.75, 4000.0, 4000.070068359375, 0.5638853311538696, 4146.0849609375
27.0, 4000.0, 4000.294189453125, 0.5638866424560547, 4146.0849609375
27.25, 4000.0, 3999.346435546875, 0.563887894153595, 4146.0849609375
27.5, 4000.0, 3999.251220703125, 0.56388920545578, 4146.0849609375
27.75, 3200.0, 3318.5849609375, 0.563890814781189, 4146.0849609375
28.0, 3200.0, 3174.09619140625, 0.5638937950134277, 4146.0849609375
28.25, 3200.0, 3175.5654296875, 0.5638973116874695, 4146.0849609375
28.5, 3200.0, 3181.326904296875, 0.5639011263847351, 4146.0849609375
28.75, 3200.0, 3188.250244140625, 0.5639049410820007, 4146.0849609375
29.0, 3200.0, 3195.365966796875, 0.5639089345932007, 4146.0849609375
29.25, 3200.0, 3197.1826171875, 0.5639128088951111, 4146.0849609375
29.5, 3200.0, 3200.10205078125, 0.5639168620109558, 4146.0849609375
29.75, 3200.0, 3199.2763671875, 0.5639209151268005, 4146.0849609375
30.0, 3200.0, 3197.370361328125, 0.5639247894287109, 4146.0849609375
30.25, 3200.0, 3202.286865234375, 0.5639289021492004, 4146.0849609375
30.5, 3200.0, 3200.654052734375, 0.5639329552650452, 4146.0849609375
30.75, 3200.0, 3201.181884765625, 0.5639370083808899, 4146.0849609375
31.0, 3200.0, 3197.816650390625, 0.5639409422874451, 4146.0849609375
31.25, 3200.0, 3198.0498046875, 0.5639448165893555, 4146.0849609375
31.5, 3200.0, 3200.232177734375, 0.563948929309845, 4146.0849609375
31.75, 3200.0, 3199.091552734375, 0.5639529824256897, 4146.0849609375
32.0, 3200.0, 3199.343017578125, 0.5639570951461792, 4146.0849609375
32.25, 3200.0, 3200.041259765625, 0.5639611482620239, 4146.0849609375
32.5, 1400.0, 2177.1748046875, 0.5639656782150269, 4146.0849609375
32.75, 1400.0, 1847.8333740234375, 0.5639716386795044, 4146.0849609375
33.0, 1400.0, 1672.1744384765625, 0.5639786124229431, 4146.0849609375
33.25, 1400.0, 1564.24853515625, 0.5639861822128296, 4146.0849609375
33.5, 1400.0, 1490.778076171875, 0.5639942288398743, 4146.0849609375
33.75, 1400.0, 1452.751708984375, 0.5640020966529846, 4146.0849609375
34.0, 1400.0, 1430.664794921875, 0.5640102028846741, 4146.0849609375
34.25, 1400.0, 1418.9439697265625, 0.564018189907074, 4146.0849609375
34.5, 1400.0, 1409.9976806640625, 0.56402587890625, 4146.0849609375
34.75, 1400.0, 1407.6990966796875, 0.5640339851379395, 4146.0849609375
35.0, 1400.0, 1403.7454833984375, 0.5640421509742737, 4146.0849609375
35.25, 1400.0, 1403.600341796875, 0.5640503764152527, 4146.0849609375
35.5, 1400.0, 1401.86962890625, 0.5640584826469421, 4146.0849609375
35.75, 1400.0, 1400.132568359375, 0.5640665292739868, 4146.0849609375
36.0, 1400.0, 1400.4912109375, 0.5640747547149658, 4146.0849609375
36.25, 1400.0, 1400.454833984375, 0.5640829205513, 4146.0849609375
36.5, 1400.0, 1400.11328125, 0.564091145992279, 4146.0849609375
36.75, 1400.0, 1399.791748046875, 0.5640993714332581, 4146.0849609375
37.0, 1400.0, 1399.3426513671875, 0.564107358455658, 4146.0849609375
37.25, 5600.0, 4134.19189453125, 0.5641133785247803, 4146.0849609375
37.5, 5600.0, 5021.94970703125, 0.5641149878501892, 4146.0849609375
37.75, 5600.0, 5358.1640625, 0.5641145706176758, 4146.0849609375
38.0, 5600.0, 5487.30859375, 0.5641130805015564, 4146.0849609375
38.25, 5600.0, 5544.18212890625, 0.5641112327575684, 4146.0849609375
38.5, 5600.0, 5577.64453125, 0.5641095042228699, 4146.0849609375
38.75, 5600.0, 5586.544921875, 0.5641076564788818, 4146.0849609375
39.0, 5600.0, 5595.45947265625, 0.5641058683395386, 4146.0849609375
39.25, 5600.0, 5594.8525390625, 0.5641040205955505, 4146.0849609375
39.5, 5600.0, 5599.8056640625, 0.5641021728515625, 4146.0849609375
39.75, 5600.0, 5597.72021484375, 0.5641003251075745, 4146.0849609375
40.0, 5600.0, 5599.54150390625, 0.5640984773635864, 4146.0849609375
40.25, 5600.0, 5597.142578125, 0.5640965700149536, 4146.0849609375
40.5, 5600.0, 5598.0673828125, 0.5640947222709656, 4146.0849609375
40.75, 5600.0, 5604.3359375, 0.5640928745269775, 4146.0849609375
41.0, 5600.0, 5600.29931640625, 0.5640909671783447, 4146.0849609375
41.25, 5600.0, 5601.71044921875, 0.5640891194343567, 4146.0849609375
41.5, 5600.0, 5599.390625, 0.5640872716903687, 4146.0849609375
41.75, 5600.0, 5600.10986328125, 0.5640853643417358, 4146.0849609375
42.0, 7000.0, 7023.3486328125, 0.5640823841094971, 4146.0849609375
42.25, 7000.0, 7082.095703125, 0.5640763640403748, 4146.0849609375
42.5, 7000.0, 7038.93896484375, 0.5640687942504883, 4146.0849609375
42.75, 7000.0, 7011.56982421875, 0.5640609860420227, 4146.0849609375
43.0, 7000.0, 7003.79150390625, 0.5640537142753601, 4146.0849609375
43.25, 7000.0, 7000.82080078125, 0.5640460848808289, 4146.0849609375
43.5, 7000.0, 7001.82763671875, 0.5640384554862976, 4146.0849609375
43.75, 7000.0, 6999.939453125, 0.5640308260917664, 4146.0849609375
44.0, 7000.0, 6999.23193359375, 0.5640231370925903, 4146.0849609375
44.25, 7000.0, 7001.2158203125, 0.5640155673027039, 4146.0849609375
44.5, 7000.0, 7000.22216796875, 0.5640078783035278, 4146.0849609375
44.75, 7000.0, 6999.4912109375, 0.5640002489089966, 4146.0849609375
45.0, 7000.0, 7000.064453125, 0.5639925599098206, 4146.0849609375
45.25, 7000.0, 7000.322265625, 0.5639849901199341, 4146.0849609375
45.5, 7000.0, 6999.73779296875, 0.5639773607254028, 4146.0849609375
45.75, 7000.0, 7000.28466796875, 0.563969612121582, 4146.0849609375
46.0, 7000.0, 7000.00830078125, 0.563961923122406, 4146.0849609375
46.25, 7000.0, 7000.77978515625, 0.5639544129371643, 4146.0849609375
46.5, 0.0, 6998.63427734375, 0.5639466643333435, 4146.0849609375
46.75, 0.0, 1362.619873046875, 0.56394362449646, 4146.0849609375
47.0, 0.0, 284.8134765625, 0.563949704170227, 4146.0849609375
47.25, 0.0, 79.59687805175781, 0.5639608502388, 4146.0849609375
47.5, 0.0, 39.014225006103516, 0.5639733672142029, 4146.0849609375
47.75, 0.0, 30.79784393310547, 0.5639860033988953, 4146.0849609375
48.0, 0.0, 28.43863868713379, 0.5639984607696533, 4146.0849609375
48.25, 0.0, 26.6356201171875, 0.5640112161636353, 4146.0849609375
48.5, 0.0, 25.686044692993164, 0.5640239119529724, 4146.0849609375
48.75, 0.0, 24.860414505004883, 0.5640365481376648, 4146.0849609375
49.0, 0.0, 23.54417610168457, 0.5640494227409363, 4146.0849609375
49.25, 0.0, 22.51369285583496, 0.5640619993209839, 4146.0849609375
49.5, 0.0, 21.70094108581543, 0.5640748739242554, 4146.0849609375
49.75, 0.0, 21.31315040588379, 0.5640876889228821, 4146.0849609375
50.0, 0.0, 21.00497055053711, 0.564100444316864, 4146.0849609375
50.25, 0.0, 20.09414291381836, 0.5641131401062012, 4146.0849609375
50.5, 0.0, 20.04664421081543, 0.5641261339187622, 4146.0849609375
50.75, 0.0, 19.512678146362305, 0.5641388297080994, 4146.0849609375
51.0, 0.0, 19.483633041381836, 0.5641516447067261, 4146.0849609375
51.25, 2000.0, 36.61557388305664, 0.5641642808914185, 4146.0849609375
51.5, 2000.0, 1325.8819580078125, 0.5641762614250183, 4146.0849609375
51.75, 2000.0, 1879.3359375, 0.564185380935669, 4146.0849609375
52.0, 2000.0, 1994.2034912109375, 0.5641927123069763, 4146.0849609375
52.25, 2000.0, 2005.3565673828125, 0.5641995072364807, 4146.0849609375
52.5, 2000.0, 2003.105712890625, 0.5642063617706299, 4146.0849609375
52.75, 2000.0, 2005.5574951171875, 0.5642129778862, 4146.0849609375
53.0, 2000.0, 2000.0313720703125, 0.5642193555831909, 4146.0849609375
53.25, 2000.0, 2001.853759765625, 0.564225971698761, 4146.0849609375
53.5, 2000.0, 2001.5372314453125, 0.5642327666282654, 4146.0849609375
53.75, 2000.0, 2000.5439453125, 0.5642394423484802, 4146.0849609375
54.0, 2000.0, 2001.396728515625, 0.5642462372779846, 4146.0849609375
54.25, 2000.0, 1997.980224609375, 0.5642529129981995, 4146.0849609375
54.5, 2000.0, 2001.726318359375, 0.5642597079277039, 4146.0849609375
54.75, 2000.0, 1998.3663330078125, 0.5642665028572083, 4146.0849609375
55.0, 2000.0, 1998.8997802734375, 0.5642732381820679, 4146.0849609375
55.25, 2000.0, 2001.108154296875, 0.5642799735069275, 4146.0849609375
55.5, 2000.0, 2000.7362060546875, 0.5642864108085632, 4146.0849609375
55.75, 2000.0, 2000.131591796875, 0.5642929673194885, 4146.0849609375
56.0, 3000.0, 2306.44677734375, 0.5642997622489929, 4146.0849609375
56.25, 3000.0, 2802.305419921875, 0.5643055438995361, 4146.0849609375
56.5, 3000.0, 2917.594482421875, 0.5643104314804077, 4146.0849609375
56.75, 3000.0, 2958.369873046875, 0.5643149614334106, 4146.0849609375
57.0, 3000.0, 2982.1259765625, 0.5643195509910583, 4146.0849609375
57.25, 3000.0, 2990.0087890625, 0.564324140548706, 4146.0849609375
57.5, 3000.0, 2990.3486328125, 0.5643285512924194, 4146.0849609375
57.75, 3000.0, 2996.514404296875, 0.5643330812454224, 4146.0849609375
58.0, 3000.0, 2995.122802734375, 0.5643376111984253, 4146.0849609375
58.25, 3000.0, 2998.50439453125, 0.5643419623374939, 4146.0849609375
58.5, 3000.0, 2998.595703125, 0.5643462538719177, 4146.0849609375
58.75, 3000.0, 2998.089111328125, 0.5643507838249207, 4146.0849609375
59.0, 3000.0, 2998.708251953125, 0.5643553137779236, 4146.0849609375
59.25, 3000.0, 2999.437255859375, 0.5643597841262817, 4146.0849609375
59.5, 3000.0, 3000.6748046875, 0.5643641948699951, 4146.0849609375
59.75, 3000.0, 2998.86328125, 0.564368724822998, 4146.0849609375
60.0, 3000.0, 2999.067626953125, 0.5643729567527771, 4146.0849609375
60.25, 3000.0, 2999.587158203125, 0.5643773674964905, 4146.0849609375
60.5, 3000.0, 3001.016845703125, 0.5643818974494934, 4146.0849609375
60.75, 10000.0, 5829.29296875, 0.5643861889839172, 4146.0849609375
61.0, 10000.0, 9260.8662109375, 0.5643843412399292, 4146.0849609375
61.25, 10000.0, 9805.1044921875, 0.5643727779388428, 4146.0849609375
61.5, 10000.0, 9939.5908203125, 0.5643549561500549, 4146.0849609375
61.75, 10000.0, 9976.5458984375, 0.5643343925476074, 4146.0849609375
62.0, 10000.0, 9996.5146484375, 0.5643131136894226, 4146.0849609375
62.25, 10000.0, 9998.5, 0.5642911791801453, 4146.0849609375
62.5, 10000.0, 9997.5126953125, 0.5642690658569336, 4146.0849609375
62.75, 10000.0, 10002.0205078125, 0.5642470717430115, 4146.0849609375
63.0, 10000.0, 10001.888671875, 0.5642247796058655, 4146.0849609375
63.25, 10000.0, 10001.6953125, 0.5642026662826538, 4146.0849609375
63.5, 10000.0, 9997.48828125, 0.5641803741455078, 4146.0849609375
63.75, 10000.0, 10002.2490234375, 0.5641580820083618, 4146.0849609375
64.0, 10000.0, 9999.2802734375, 0.5641358494758606, 4146.0849609375
64.25, 10000.0, 9999.345703125, 0.5641138553619385, 4146.0849609375
64.5, 10000.0, 10000.6083984375, 0.5640928745269775, 4146.0849609375
64.75, 10000.0, 9998.669921875, 0.5640709400177002, 4146.0849609375
65.0, 10000.0, 10003.4560546875, 0.5640498995780945, 4146.0849609375
65.25, 10000.0, 9998.0849609375, 0.5640282034873962, 4146.0849609375
65.5, 5000.0, 8152.72216796875, 0.5640073418617249, 4146.0849609375
65.75, 5000.0, 5572.86083984375, 0.5639956593513489, 4146.0849609375
66.0, 5000.0, 5117.5146484375, 0.5639929175376892, 4146.0849609375
66.25, 5000.0, 5018.59765625, 0.5639920830726624, 4146.0849609375
66.5, 5000.0, 4999.63232421875, 0.5639917850494385, 4146.0849609375
66.75, 5000.0, 5003.2099609375, 0.5639915466308594, 4146.0849609375
67.0, 5000.0, 5002.50732421875, 0.563991129398346, 4146.0849609375
67.25, 5000.0, 5000.81982421875, 0.5639906525611877, 4146.0849609375
67.5, 5000.0, 4998.9619140625, 0.5639901161193848, 4146.0849609375
67.75, 5000.0, 4998.05224609375, 0.5639896392822266, 4146.0849609375
68.0, 5000.0, 4999.46337890625, 0.5639891028404236, 4146.0849609375
68.25, 5000.0, 5002.0224609375, 0.5639885663986206, 4146.0849609375
68.5, 5000.0, 4999.74462890625, 0.5639880299568176, 4146.0849609375
68.75, 5000.0, 4996.6142578125, 0.5639875531196594, 4146.0849609375
69.0, 5000.0, 5002.15771484375, 0.5639870166778564, 4146.0849609375
69.25, 5000.0, 5000.5029296875, 0.5639864802360535, 4146.0849609375
69.5, 5000.0, 4998.52197265625, 0.5639859437942505, 4146.0849609375
69.75, 5000.0, 5000.4208984375, 0.5639854073524475, 4146.0849609375
70.0, 5000.0, 5001.89404296875, 0.5639848709106445, 4146.0849609375
70.25, 4000.0, 4728.94921875, 0.5639843344688416, 4146.0849609375
70.5, 4000.0, 4214.623046875, 0.5639843344688416, 4146.0849609375
70.75, 4000.0, 4064.999267578125, 0.5639850497245789, 4146.0849609375
71.0, 4000.0, 4022.1298828125, 0.56398606300354, 4146.0849609375
71.25, 4000.0, 4006.720947265625, 0.5639873147010803, 4146.0849609375
71.5, 4000.0, 3999.41796875, 0.5639885663986206, 4146.0849609375
71.75, 4000.0, 3999.69091796875, 0.5639898777008057, 4146.0849609375
72.0, 4000.0, 3998.469970703125, 0.5639911890029907, 4146.0849609375
72.25, 4000.0, 3998.14794921875, 0.5639925003051758, 4146.0849609375
72.5, 4000.0, 3999.28076171875, 0.5639938116073608, 4146.0849609375
72.75, 4000.0, 4000.0791015625, 0.5639950633049011, 4146.0849609375
73.0, 4000.0, 4000.207763671875, 0.5639963746070862, 4146.0849609375
73.25, 4000.0, 3999.742431640625, 0.5639976859092712, 4146.0849609375
73.5, 4000.0, 4000.537109375, 0.5639989972114563, 4146.0849609375
73.75, 4000.0, 3999.865478515625, 0.5640003085136414, 4146.0849609375
74.0, 4000.0, 3999.857666015625, 0.5640016198158264, 4146.0849609375
74.25, 4000.0, 4000.353271484375, 0.5640029311180115, 4146.0849609375
74.5, 4000.0, 4000.559814453125, 0.5640041828155518, 4146.0849609375
74.75, 4000.0, 4000.254638671875, 0.5640054941177368, 4146.0849609375
75.0, 3200.0, 3665.84814453125, 0.5640067458152771, 4146.0849609375
75.25, 3200.0, 3228.881591796875, 0.564008891582489, 4146.0849609375
75.5, 3200.0, 3169.04150390625, 0.5640121698379517, 4146.0849609375
75.75, 3200.0, 3178.630615234375, 0.5640157461166382, 4146.0849609375
76.0, 3200.0, 3185.317626953125, 0.5640195608139038, 4146.0849609375
76.25, 3200.0, 3193.226318359375, 0.5640233755111694, 4146.0849609375
76.5, 3200.0, 3194.1748046875, 0.5640273690223694, 4146.0849609375
76.75, 3200.0, 3197.2900390625, 0.5640313625335693, 4146.0849609375
77.0, 3200.0, 3199.863037109375, 0.5640352368354797, 4146.0849609375
77.25, 3200.0, 3198.927734375, 0.5640392899513245, 4146.0849609375
77.5, 3200.0, 3197.78369140625, 0.5640433430671692, 4146.0849609375
77.75, 3200.0, 3201.211181640625, 0.5640473961830139, 4146.0849609375
78.0, 3200.0, 3200.505859375, 0.5640514492988586, 4146.0849609375
78.25, 3200.0, 3202.2890625, 0.5640555024147034, 4146.0849609375
78.5, 3200.0, 3199.438720703125, 0.5640596747398376, 4146.0849609375
78.75, 3200.0, 3199.967529296875, 0.5640637278556824, 4146.0849609375
79.0, 3200.0, 3199.13427734375, 0.5640678405761719, 4146.0849609375
79.25, 3200.0, 3196.657470703125, 0.5640718340873718, 4146.0849609375
79.5, 3200.0, 3199.25, 0.5640758872032166, 4146.0849609375
79.75, 1400.0, 2800.352294921875, 0.564079761505127, 4146.0849609375
80.0, 1400.0, 2016.796875, 0.5640847682952881, 4146.0849609375
80.25, 1400.0, 1783.127197265625, 0.5640910267829895, 4146.0849609375
80.5, 1400.0, 1628.12939453125, 0.5640982389450073, 4146.0849609375
80.75, 1400.0, 1535.79638671875, 0.5641060471534729, 4146.0849609375
81.0, 1400.0, 1474.545166015625, 0.564113974571228, 4146.0849609375
81.25, 1400.0, 1444.867431640625, 0.5641219019889832, 4146.0849609375
81.5, 1400.0, 1426.5419921875, 0.5641298890113831, 4146.0849609375
81.75, 1400.0, 1416.1932373046875, 0.5641379952430725, 4146.0849609375
82.0, 1400.0, 1409.84228515625, 0.564146101474762, 4146.0849609375
82.25, 1400.0, 1406.267578125, 0.564154326915741, 4146.0849609375
82.5, 1400.0, 1404.087158203125, 0.56416255235672, 4146.0849609375
82.75, 1400.0, 1402.0394287109375, 0.5641707181930542, 4146.0849609375
83.0, 1400.0, 1400.3839111328125, 0.564178466796875, 4146.0849609375
83.25, 1400.0, 1399.861083984375, 0.5641865134239197, 4146.0849609375
83.5, 1400.0, 1400.4150390625, 0.5641947984695435, 4146.0849609375
83.75, 1400.0, 1399.6641845703125, 0.5642030239105225, 4146.0849609375
84.0, 1400.0, 1400.5382080078125, 0.5642110705375671, 4146.0849609375
84.25, 1400.0, 1399.73095703125, 0.5642188787460327, 4146.0849609375
84.5, 5600.0, 2542.21533203125, 0.5642270445823669, 4146.0849609375
84.75, 5600.0, 4578.626953125, 0.5642315149307251, 4146.0849609375
85.0, 5600.0, 5189.62109375, 0.5642321705818176, 4146.0849609375
85.25, 5600.0, 5420.673828125, 0.564231276512146, 4146.0849609375
85.5, 5600.0, 5512.599609375, 0.5642296075820923, 4146.0849609375
85.75, 5600.0, 5563.04443359375, 0.564227819442749, 4146.0849609375
86.0, 5600.0, 5581.00537109375, 0.564225971698761, 4146.0849609375
86.25, 5600.0, 5594.92333984375, 0.564224123954773, 4146.0849609375
86.5, 5600.0, 5593.1015625, 0.5642222762107849, 4146.0849609375
86.75, 5600.0, 5594.869140625, 0.5642204880714417, 4146.0849609375
87.0, 5600.0, 5598.79052734375, 0.5642185807228088, 4146.0849609375
87.25, 5600.0, 5599.05517578125, 0.564216673374176, 4146.0849609375
87.5, 5600.0, 5601.54443359375, 0.564214825630188, 4146.0849609375
87.75, 5600.0, 5597.81396484375, 0.5642130374908447, 4146.0849609375
88.0, 5600.0, 5603.14013671875, 0.5642111897468567, 4146.0849609375
88.25, 5600.0, 5598.36865234375, 0.5642093420028687, 4146.0849609375
88.5, 5600.0, 5601.25732421875, 0.5642074346542358, 4146.0849609375
88.75, 5600.0, 5598.767578125, 0.5642055869102478, 4146.0849609375
89.0, 5600.0, 5600.998046875, 0.564203679561615, 4146.0849609375
89.25, 7000.0, 6413.84375, 0.564201831817627, 4146.0849609375
89.5, 7000.0, 7087.30517578125, 0.5641977787017822, 4146.0849609375
89.75, 7000.0, 7064.64306640625, 0.5641908645629883, 4146.0849609375
90.0, 7000.0, 7024.69482421875, 0.5641831755638123, 4146.0849609375
90.25, 7000.0, 7010.67138671875, 0.5641754269599915, 4146.0849609375
90.5, 7000.0, 7001.12109375, 0.5641677975654602, 4146.0849609375
90.75, 7000.0, 7000.490234375, 0.5641601085662842, 4146.0849609375
91.0, 7000.0, 7000.8134765625, 0.5641526579856873, 4146.0849609375
91.25, 7000.0, 6999.91455078125, 0.5641448497772217, 4146.0849609375
91.5, 7000.0, 6999.392578125, 0.5641372203826904, 4146.0849609375
91.75, 7000.0, 7000.39208984375, 0.5641295909881592, 4146.0849609375
92.0, 7000.0, 6999.8232421875, 0.5641218423843384, 4146.0849609375
92.25, 7000.0, 6999.42724609375, 0.5641142725944519, 4146.0849609375
92.5, 7000.0, 7000.34033203125, 0.5641065835952759, 4146.0849609375
92.75, 7000.0, 6999.396484375, 0.5640989542007446, 4146.0849609375
93.0, 7000.0, 7000.31201171875, 0.5640912652015686, 4146.0849609375
93.25, 7000.0, 7000.3349609375, 0.5640835762023926, 4146.0849609375
93.5, 7000.0, 6999.6015625, 0.5640760064125061, 4146.0849609375
93.75, 7000.0, 6999.41455078125, 0.5640683174133301, 4146.0849609375
94.0, 0.0, 3490.2919921875, 0.5640612244606018, 4146.0849609375
94.25, 0.0, 699.4442138671875, 0.5640624761581421, 4146.0849609375
94.5, 0.0, 157.6763458251953, 0.5640713572502136, 4146.0849609375
94.75, 0.0, 53.74075698852539, 0.564083456993103, 4146.0849609375
95.0, 0.0, 34.28767395019531, 0.5640960931777954, 4146.0849609375
95.25, 0.0, 29.57368278503418, 0.564108669757843, 4146.0849609375
95.5, 0.0, 27.4322452545166, 0.564121425151825, 4146.0849609375
95.75, 0.0, 26.364761352539062, 0.5641340613365173, 4146.0849609375
96.0, 0.0, 25.55731773376465, 0.5641460418701172, 4146.0849609375
96.25, 0.0, 24.100162506103516, 0.5641586184501648, 4146.0849609375
96.5, 0.0, 23.39987564086914, 0.5641713738441467, 4146.0849609375
96.75, 0.0, 22.400074005126953, 0.5641841888427734, 4146.0849609375
97.0, 0.0, 21.390018463134766, 0.5641970634460449, 4146.0849609375
97.25, 0.0, 21.0628662109375, 0.5642096400260925, 4146.0849609375
97.5, 0.0, 20.315446853637695, 0.5642223954200745, 4146.0849609375
97.75, 0.0, 20.337575912475586, 0.5642353296279907, 4146.0849609375
98.0, 0.0, 20.08607292175293, 0.5642481446266174, 4146.0849609375
98.25, 0.0, 19.651782989501953, 0.5642608404159546, 4146.0849609375
98.5, 0.0, 19.36258888244629, 0.5642737746238708, 4146.0849609375
98.75, 2000.0, 397.2797546386719, 0.5642863512039185, 4146.0849609375
99.0, 2000.0, 1637.132568359375, 0.5642973184585571, 4146.0849609375
99.25, 2000.0, 1946.5101318359375, 0.5643054842948914, 4146.0849609375
99.5, 2000.0, 2001.5423583984375, 0.5643125176429749, 4146.0849609375
99.75, 2000.0, 2006.80615234375, 0.5643192529678345, 4146.0849609375
100.0, 2000.0, 2001.445068359375, 0.5643259882926941, 4146.0849609375
100.25, 2000.0, 2004.61083984375, 0.5643326640129089, 4146.0849609375
100.5, 2000.0, 2001.1885986328125, 0.5643394589424133, 4146.0849609375
100.75, 2000.0, 2000.847412109375, 0.5643461346626282, 4146.0849609375
101.0, 2000.0, 2001.941650390625, 0.5643529295921326, 4146.0849609375
101.25, 2000.0, 1998.404052734375, 0.5643596649169922, 4146.0849609375
101.5, 2000.0, 1999.96826171875, 0.5643659830093384, 4146.0849609375
101.75, 2000.0, 2000.364013671875, 0.564372718334198, 4146.0849609375
102.0, 2000.0, 1998.7845458984375, 0.564379096031189, 4146.0849609375
102.25, 2000.0, 2001.536376953125, 0.5643858313560486, 4146.0849609375
102.5, 2000.0, 2000.5960693359375, 0.5643925070762634, 4146.0849609375
102.75, 2000.0, 2001.1248779296875, 0.5643991827964783, 4146.0849609375
103.0, 2000.0, 1998.2017822265625, 0.5644055604934692, 4146.0849609375
103.25, 2000.0, 1999.319580078125, 0.5644122362136841, 4146.0849609375
103.5, 3000.0, 2505.795166015625, 0.5644184947013855, 4146.0849609375
103.75, 3000.0, 2843.58642578125, 0.5644240379333496, 4146.0849609375
104.0, 3000.0, 2929.0361328125, 0.5644286870956421, 4146.0849609375
104.25, 3000.0, 2964.004150390625, 0.5644329786300659, 4146.0849609375
104.5, 3000.0, 2981.400634765625, 0.5644375681877136, 4146.0849609375
104.75, 3000.0, 2990.966552734375, 0.5644420981407166, 4146.0849609375
105.0, 3000.0, 2992.5439453125, 0.5644465684890747, 4146.0849609375
105.25, 3000.0, 2998.575439453125, 0.5644510984420776, 4146.0849609375
105.5, 3000.0, 2993.529296875, 0.5644556283950806, 4146.0849609375
105.75, 3000.0, 2998.4228515625, 0.5644600987434387, 4146.0849609375
106.0, 3000.0, 2999.661376953125, 0.5644645690917969, 4146.0849609375
106.25, 3000.0, 2998.06640625, 0.564469039440155, 4146.0849609375
106.5, 3000.0, 2999.502197265625, 0.5644737482070923, 4146.0849609375
106.75, 3000.0, 2999.927490234375, 0.5644780397415161, 4146.0849609375
107.0, 3000.0, 3000.0595703125, 0.564482569694519, 4146.0849609375
107.25, 3000.0, 3000.48193359375, 0.5644870400428772, 4146.0849609375
107.5, 3000.0, 2999.692138671875, 0.5644915103912354, 4146.0849609375
107.75, 3000.0, 2998.96435546875, 0.5644959807395935, 4146.0849609375
108.0, 3000.0, 3002.172607421875, 0.5645003318786621, 4146.0849609375
108.25, 10000.0, 7606.93359375, 0.5645037293434143, 4146.0849609375
108.5, 10000.0, 9524.04296875, 0.5644989013671875, 4146.0849609375
108.75, 10000.0, 9862.90625, 0.5644849538803101, 4146.0849609375
109.0, 10000.0, 9958.3193359375, 0.5644661784172058, 4146.0849609375
109.25, 10000.0, 9981.6767578125, 0.5644454956054688, 4146.0849609375
109.5, 10000.0, 9990.427734375, 0.5644236207008362, 4146.0849609375
109.75, 10000.0, 9994.9560546875, 0.5644029974937439, 4146.0849609375
110.0, 10000.0, 9998.0810546875, 0.5643813014030457, 4146.0849609375
110.25, 10000.0, 10002.138671875, 0.5643595457077026, 4146.0849609375
110.5, 10000.0, 9997.0498046875, 0.5643371939659119, 4146.0849609375
110.75, 10000.0, 10000.4423828125, 0.5643149614334106, 4146.0849609375
111.0, 10000.0, 10001.42578125, 0.5642929077148438, 4146.0849609375
111.25, 10000.0, 9999.763671875, 0.5642707347869873, 4146.0849609375
111.5, 10000.0, 9998.6943359375, 0.5642486810684204, 4146.0849609375
111.75, 10000.0, 9998.7197265625, 0.5642262697219849, 4146.0849609375
112.0, 10000.0, 10001.5234375, 0.5642041563987732, 4146.0849609375
112.25, 10000.0, 9997.6650390625, 0.5641831159591675, 4146.0849609375
112.5, 10000.0, 9997.1220703125, 0.5641610622406006, 4146.0849609375
112.75, 10000.0, 9998.5556640625, 0.5641393065452576, 4146.0849609375
113.0, 5000.0, 6771.01416015625, 0.5641190409660339, 4146.0849609375
113.25, 5000.0, 5322.265625, 0.564111590385437, 4146.0849609375
113.5, 5000.0, 5061.458984375, 0.5641098618507385, 4146.0849609375
113.75, 5000.0, 5002.42236328125, 0.5641093254089355, 4146.0849609375
114.0, 5000.0, 5002.9443359375, 0.5641090869903564, 4146.0849609375
114.25, 5000.0, 5000.3154296875, 0.5641088485717773, 4146.0849609375
114.5, 5000.0, 5000.06494140625, 0.5641084313392639, 4146.0849609375
114.75, 5000.0, 5000.3046875, 0.5641079545021057, 4146.0849609375
115.0, 5000.0, 5000.11962890625, 0.5641074776649475, 4146.0849609375
115.25, 5000.0, 5002.07666015625, 0.5641069412231445, 4146.0849609375
115.5, 5000.0, 4999.087890625, 0.5641064047813416, 4146.0849609375
115.75, 5000.0, 4999.16015625, 0.5641058683395386, 4146.0849609375
116.0, 5000.0, 5001.98779296875, 0.5641053318977356, 4146.0849609375
116.25, 5000.0, 4999.900390625, 0.5641047954559326, 4146.0849609375
116.5, 5000.0, 4998.7119140625, 0.5641042590141296, 4146.0849609375
116.75, 5000.0, 5001.11181640625, 0.5641037225723267, 4146.0849609375
117.0, 5000.0, 5000.2734375, 0.5641031861305237, 4146.0849609375
117.25, 5000.0, 4998.953125, 0.5641027092933655, 4146.0849609375
117.5, 5000.0, 5000.73486328125, 0.5641021728515625, 4146.0849609375
117.75, 4000.0, 4463.92333984375, 0.5641016960144043, 4146.0849609375
118.0, 4000.0, 4130.81201171875, 0.5641019940376282, 4146.0849609375
118.25, 4000.0, 4041.188720703125, 0.5641028881072998, 4146.0849609375
118.5, 4000.0, 4011.51416015625, 0.5641040205955505, 4146.0849609375
118.75, 4000.0, 4004.15673828125, 0.5641052722930908, 4146.0849609375
119.0, 4000.0, 3999.678466796875, 0.5641065835952759, 4146.0849609375
119.25, 4000.0, 3998.166259765625, 0.5641078352928162, 4146.0849609375
119.5, 4000.0, 3998.04296875, 0.5641091465950012, 4146.0849609375
119.75, 4000.0, 3999.2685546875, 0.5641104578971863, 4146.0849609375
120.0, 4000.0, 3999.669921875, 0.5641117095947266, 4146.0849609375
120.25, 4000.0, 4000.53369140625, 0.5641130208969116, 4146.0849609375
120.5, 4000.0, 4000.246826171875, 0.5641142725944519, 4146.0849609375
120.75, 4000.0, 3999.868408203125, 0.5641155242919922, 4146.0849609375
121.0, 4000.0, 4000.13232421875, 0.5641168355941772, 4146.0849609375
121.25, 4000.0, 4000.3857421875, 0.5641181468963623, 4146.0849609375
121.5, 4000.0, 4000.42724609375, 0.5641194581985474, 4146.0849609375
121.75, 4000.0, 4000.168701171875, 0.5641207098960876, 4146.0849609375
122.0, 4000.0, 3999.58935546875, 0.5641220211982727, 4146.0849609375
122.25, 4000.0, 3999.69140625, 0.564123272895813, 4146.0849609375
122.5, 3200.0, 3452.1416015625, 0.5641247034072876, 4146.0849609375
122.75, 3200.0, 3195.89013671875, 0.5641272664070129, 4146.0849609375
123.0, 3200.0, 3170.7451171875, 0.5641307830810547, 4146.0849609375
123.25, 3200.0, 3181.530517578125, 0.5641344785690308, 4146.0849609375
123.5, 3200.0, 3186.361328125, 0.5641382336616516, 4146.0849609375
123.75, 3200.0, 3195.818115234375, 0.5641422271728516, 4146.0849609375
124.0, 3200.0, 3195.2587890625, 0.5641463994979858, 4146.0849609375
124.25, 3200.0, 3196.18603515625, 0.5641503930091858, 4146.0849609375
124.5, 3200.0, 3199.469970703125, 0.5641542673110962, 4146.0849609375
124.75, 3200.0, 3198.153564453125, 0.5641583204269409, 4146.0849609375
125.0, 3200.0, 3197.5966796875, 0.5641624331474304, 4146.0849609375
125.25, 3200.0, 3201.64453125, 0.5641664862632751, 4146.0849609375
125.5, 3200.0, 3199.54931640625, 0.5641704201698303, 4146.0849609375
125.75, 3200.0, 3198.5048828125, 0.5641745328903198, 4146.0849609375
126.0, 3200.0, 3198.941162109375, 0.5641786456108093, 4146.0849609375
126.25, 3200.0, 3199.896240234375, 0.564182698726654, 4146.0849609375
126.5, 3200.0, 3198.9521484375, 0.5641868114471436, 4146.0849609375
126.75, 3200.0, 3199.212890625, 0.5641908645629883, 4146.0849609375
127.0, 3200.0, 3197.925537109375, 0.564194917678833, 4146.0849609375
127.25, 1400.0, 2311.35693359375, 0.5641992688179016, 4146.0849609375
127.5, 1400.0, 1897.18017578125, 0.5642049312591553, 4146.0849609375
127.75, 1400.0, 1705.0860595703125, 0.5642116665840149, 4146.0849609375
128.0, 1400.0, 1587.228271484375, 0.5642186999320984, 4146.0849609375
128.25, 1400.0, 1509.418212890625, 0.5642264485359192, 4146.0849609375
128.5, 1400.0, 1462.109619140625, 0.5642345547676086, 4146.0849609375
128.75, 1400.0, 1439.468994140625, 0.5642424821853638, 4146.0849609375
129.0, 1400.0, 1423.80322265625, 0.564250111579895, 4146.0849609375
129.25, 1400.0, 1412.3043212890625, 0.5642582178115845, 4146.0849609375
129.5, 1400.0, 1407.826171875, 0.5642663240432739, 4146.0849609375
129.75, 1400.0, 1405.0723876953125, 0.5642744898796082, 4146.0849609375
130.0, 1400.0, 1403.2330322265625, 0.5642827749252319, 4146.0849609375
130.25, 1400.0, 1401.2030029296875, 0.5642908811569214, 4146.0849609375
130.5, 1400.0, 1400.5836181640625, 0.5642986297607422, 4146.0849609375
130.75, 1400.0, 1400.92822265625, 0.5643067359924316, 4146.0849609375
131.0, 1400.0, 1399.9320068359375, 0.5643145442008972, 4146.0849609375
131.25, 1400.0, 1399.8729248046875, 0.5643225908279419, 4146.0849609375
131.5, 1400.0, 1399.9571533203125, 0.5643308758735657, 4146.0849609375
131.75, 1400.0, 1400.486572265625, 0.5643391609191895, 4146.0849609375
132.0, 5600.0, 3550.066162109375, 0.5643467307090759, 4146.0849609375
132.25, 5600.0, 4856.20751953125, 0.5643495321273804, 4146.0849609375
132.5, 5600.0, 5295.29931640625, 0.5643495321273804, 4146.0849609375
132.75, 5600.0, 5457.68310546875, 0.5643482804298401, 4146.0849609375
133.0, 5600.0, 5532.43310546875, 0.5643464922904968, 4146.0849609375
133.25, 5600.0, 5572.53466796875, 0.5643447637557983, 4146.0849609375
133.5, 5600.0, 5583.1640625, 0.5643429160118103, 4146.0849609375
133.75, 5600.0, 5592.59912109375, 0.5643410682678223, 4146.0849609375
134.0, 5600.0, 5596.7275390625, 0.5643391609191895, 4146.0849609375
134.25, 5600.0, 5597.1640625, 0.5643373131752014, 4146.0849609375
134.5, 5600.0, 5598.15234375, 0.5643354058265686, 4146.0849609375
134.75, 5600.0, 5598.044921875, 0.5643335580825806, 4146.0849609375
135.0, 5600.0, 5602.52978515625, 0.5643316507339478, 4146.0849609375
135.25, 5600.0, 5597.9091796875, 0.5643298029899597, 4146.0849609375
135.5, 5600.0, 5601.56494140625, 0.5643278956413269, 4146.0849609375
135.75, 5600.0, 5599.89208984375, 0.5643259882926941, 4146.0849609375
136.0, 5600.0, 5599.28125, 0.564324140548706, 4146.0849609375
136.25, 5600.0, 5597.64306640625, 0.5643222332000732, 4146.0849609375
136.5, 5600.0, 5600.48876953125, 0.5643203854560852, 4146.0849609375
136.75, 7000.0, 6876.74755859375, 0.5643181800842285, 4146.0849609375
137.0, 7000.0, 7094.43896484375, 0.564312756061554, 4146.0849609375
137.25, 7000.0, 7046.4521484375, 0.5643054842948914, 4146.0849609375
137.5, 7000.0, 7012.9814453125, 0.564298152923584, 4146.0849609375
137.75, 7000.0, 7006.68603515625, 0.5642904043197632, 4146.0849609375
138.0, 7000.0, 7000.58544921875, 0.5642827153205872, 4146.0849609375
138.25, 7000.0, 7000.02587890625, 0.5642750859260559, 4146.0849609375
138.5, 7000.0, 7000.81103515625, 0.5642673373222351, 4146.0849609375
138.75, 7000.0, 7001.1201171875, 0.5642597079277039, 4146.0849609375
139.0, 7000.0, 6999.89501953125, 0.5642520785331726, 4146.0849609375
139.25, 7000.0, 7001.25390625, 0.5642443299293518, 4146.0849609375
139.5, 7000.0, 6999.3623046875, 0.5642367601394653, 4146.0849609375
139.75, 7000.0, 7000.21826171875, 0.5642291903495789, 4146.0849609375
140.0, 7000.0, 7000.11376953125, 0.5642215013504028, 4146.0849609375
140.25, 7000.0, 7001.0029296875, 0.5642138123512268, 4146.0849609375
140.5, 7000.0, 7000.6171875, 0.5642061829566956, 4146.0849609375
140.75, 7000.0, 6999.244140625, 0.5641985535621643, 4146.0849609375
141.0, 7000.0, 7000.14208984375, 0.5641912817955017, 4146.0849609375
141.25, 7000.0, 7000.2421875, 0.5641840100288391, 4146.0849609375
141.5, 0.0, 2562.176025390625, 0.5641781687736511, 4146.0849609375
141.75, 0.0, 513.498779296875, 0.5641810894012451, 4146.0849609375
142.0, 0.0, 126.26641082763672, 0.5641906261444092, 4146.0849609375
142.25, 0.0, 49.764442443847656, 0.5642023086547852, 4146.0849609375
142.5, 0.0, 33.619449615478516, 0.5642146468162537, 4146.0849609375
142.75, 0.0, 29.36277198791504, 0.5642271637916565, 4146.0849609375
143.0, 0.0, 27.61055564880371, 0.5642392635345459, 4146.0849609375
143.25, 0.0, 26.403005599975586, 0.5642520785331726, 4146.0849609375
143.5, 0.0, 25.212974548339844, 0.5642648935317993, 4146.0849609375
143.75, 0.0, 23.953903198242188, 0.5642773509025574, 4146.0849609375
144.0, 0.0, 23.083032608032227, 0.5642893314361572, 4146.0849609375
144.25, 0.0, 21.985965728759766, 0.5643020868301392, 4146.0849609375
144.5, 0.0, 21.769927978515625, 0.5643148422241211, 4146.0849609375
144.75, 0.0, 21.320842742919922, 0.5643277168273926, 4146.0849609375
145.0, 0.0, 20.476346969604492, 0.5643404126167297, 4146.0849609375
145.25, 0.0, 19.85413932800293, 0.5643530488014221, 4146.0849609375
145.5, 0.0, 20.07988739013672, 0.5643657445907593, 4146.0849609375
145.75, 0.0, 19.9117488861084, 0.5643784999847412, 4146.0849609375
146.0, 0.0, 19.2537899017334, 0.5643913745880127, 4146.0849609375
146.25, 2000.0, 473.2651672363281, 0.5644041895866394, 4146.0849609375
146.5, 2000.0, 1661.3475341796875, 0.5644150376319885, 4146.0849609375
146.75, 2000.0, 1952.6982421875, 0.564423143863678, 4146.0849609375
147.0, 2000.0, 2003.67578125, 0.5644301772117615, 4146.0849609375
147.25, 2000.0, 2005.548828125, 0.5644368529319763, 4146.0849609375
147.5, 2000.0, 2001.768310546875, 0.5644431710243225, 4146.0849609375
147.75, 2000.0, 2004.3790283203125, 0.5644499063491821, 4146.0849609375
148.0, 2000.0, 2002.5147705078125, 0.5644566416740417, 4146.0849609375
148.25, 2000.0, 1999.7828369140625, 0.5644633173942566, 4146.0849609375
148.5, 2000.0, 2001.8896484375, 0.564470112323761, 4146.0849609375
148.75, 2000.0, 2001.3253173828125, 0.5644767880439758, 4146.0849609375
149.0, 2000.0, 1998.17626953125, 0.564483642578125, 4146.0849609375
149.25, 2000.0, 1999.556640625, 0.5644903779029846, 4146.0849609375
149.5, 2000.0, 2001.6004638671875, 0.564497172832489, 4146.0849609375
149.75, 2000.0, 1998.9620361328125, 0.5645038485527039, 4146.0849609375
150.0, 2000.0, 2000.0892333984375, 0.5645104050636292, 4146.0849609375
150.25, 2000.0, 1998.6343994140625, 0.5645169615745544, 4146.0849609375
150.5, 2000.0, 2002.6513671875, 0.564523458480835, 4146.0849609375
150.75, 2000.0, 2001.4951171875, 0.5645299553871155, 4146.0849609375
151.0, 3000.0, 2575.09375, 0.5645365118980408, 4146.0849609375
151.25, 3000.0, 2861.68408203125, 0.5645419359207153, 4146.0849609375
151.5, 3000.0, 2938.08251953125, 0.5645465850830078, 4146.0849609375
151.75, 3000.0, 2967.44189453125, 0.5645511150360107, 4146.0849609375
152.0, 3000.0, 2983.08203125, 0.5645555853843689, 4146.0849609375
152.25, 3000.0, 2990.289794921875, 0.5645599961280823, 4146.0849609375
152.5, 3000.0, 2993.178466796875, 0.5645642876625061, 4146.0849609375
152.75, 3000.0, 2997.572021484375, 0.5645687580108643, 4146.0849609375
153.0, 3000.0, 2995.345947265625, 0.5645732879638672, 4146.0849609375
153.25, 3000.0, 2998.514404296875, 0.5645778179168701, 4146.0849609375
153.5, 3000.0, 2997.965087890625, 0.5645822882652283, 4146.0849609375
153.75, 3000.0, 3000.56494140625, 0.5645867586135864, 4146.0849609375
154.0, 3000.0, 3000.328125, 0.5645912289619446, 4146.0849609375
154.25, 3000.0, 2998.322998046875, 0.5645956993103027, 4146.0849609375
154.5, 3000.0, 3000.2626953125, 0.5646001696586609, 4146.0849609375
154.75, 3000.0, 3000.469970703125, 0.5646046996116638, 4146.0849609375
155.0, 3000.0, 2999.221923828125, 0.564609169960022, 4146.0849609375
155.25, 3000.0, 3000.5634765625, 0.5646136403083801, 4146.0849609375
155.5, 3000.0, 2999.811767578125, 0.5646181106567383, 4146.0849609375
155.75, 10000.0, 7950.57421875, 0.564621090888977, 4146.0849609375
156.0, 10000.0, 9578.6298828125, 0.5646151900291443, 4146.0849609375
156.25, 10000.0, 9878.9306640625, 0.5646008253097534, 4146.0849609375
156.5, 10000.0, 9957.92578125, 0.5645813345909119, 4146.0849609375
156.75, 10000.0, 9982.271484375, 0.5645606517791748, 4146.0849609375
157.0, 10000.0, 9995.2890625, 0.5645402669906616, 4146.0849609375
157.25, 10000.0, 9999.1591796875, 0.5645185112953186, 4146.0849609375
157.5, 10000.0, 10001.3876953125, 0.564497709274292, 4146.0849609375
157.75, 10000.0, 10000.6865234375, 0.5644757151603699, 4146.0849609375
158.0, 10000.0, 10000.470703125, 0.5644545555114746, 4146.0849609375
158.25, 10000.0, 9999.7236328125, 0.5644327402114868, 4146.0849609375
158.5, 10000.0, 10000.546875, 0.5644105076789856, 4146.0849609375
158.75, 10000.0, 9997.88671875, 0.5643882155418396, 4146.0849609375
159.0, 10000.0, 9999.759765625, 0.5643660426139832, 4146.0849609375
159.25, 10000.0, 10002.44921875, 0.5643438696861267, 4146.0849609375
159.5, 10000.0, 9999.4541015625, 0.5643215775489807, 4146.0849609375
159.75, 10000.0, 10000.2333984375, 0.5642996430397034, 4146.0849609375
160.0, 10000.0, 10001.984375, 0.564277708530426, 4146.0849609375
160.25, 10000.0, 10001.6455078125, 0.5642552971839905, 4146.0849609375
160.5, 5000.0, 6610.5380859375, 0.5642356276512146, 4146.0849609375
160.75, 5000.0, 5293.87109375, 0.5642287731170654, 4146.0849609375
161.0, 5000.0, 5058.853515625, 0.5642271041870117, 4146.0849609375
161.25, 5000.0, 5002.10498046875, 0.5642266273498535, 4146.0849609375
161.5, 5000.0, 5002.57666015625, 0.5642263889312744, 4146.0849609375
161.75, 5000.0, 5002.072265625, 0.5642260909080505, 4146.0849609375
162.0, 5000.0, 5001.40673828125, 0.5642256140708923, 4146.0849609375
162.25, 5000.0, 5001.06591796875, 0.5642251372337341, 4146.0849609375
162.5, 5000.0, 5000.1806640625, 0.5642246007919312, 4146.0849609375
162.75, 5000.0, 5001.5078125, 0.5642240643501282, 4146.0849609375
163.0, 5000.0, 4998.6845703125, 0.5642235279083252, 4146.0849609375
163.25, 5000.0, 4999.03515625, 0.564223051071167, 4146.0849609375
163.5, 5000.0, 5001.81494140625, 0.564222514629364, 4146.0849609375
163.75, 5000.0, 4998.77197265625, 0.564221978187561, 4146.0849609375
164.0, 5000.0, 4999.173828125, 0.5642214417457581, 4146.0849609375
164.25, 5000.0, 5001.85009765625, 0.5642209053039551, 4146.0849609375
164.5, 5000.0, 4999.041015625, 0.5642203688621521, 4146.0849609375
164.75, 5000.0, 4999.25390625, 0.5642198324203491, 4146.0849609375
165.0, 5000.0, 5002.1494140625, 0.5642192959785461, 4146.0849609375
165.25, 4000.0, 4355.14990234375, 0.5642189979553223, 4146.0849609375
165.5, 4000.0, 4106.63818359375, 0.5642194151878357, 4146.0849609375
165.75, 4000.0, 4033.874755859375, 0.5642203688621521, 4146.0849609375
166.0, 4000.0, 4009.680908203125, 0.5642215013504028, 4146.0849609375
166.25, 4000.0, 4002.442138671875, 0.5642227530479431, 4146.0849609375
166.5, 4000.0, 3999.3076171875, 0.5642240643501282, 4146.0849609375
166.75, 4000.0, 3998.86181640625, 0.5642253756523132, 4146.0849609375
167.0, 4000.0, 3998.698486328125, 0.5642266869544983, 4146.0849609375
167.25, 4000.0, 3999.059326171875, 0.5642279982566833, 4146.0849609375
167.5, 4000.0, 4000.23779296875, 0.5642293095588684, 4146.0849609375
167.75, 4000.0, 3999.849853515625, 0.5642306208610535, 4146.0849609375
168.0, 4000.0, 3999.907470703125, 0.5642319321632385, 4146.0849609375
168.25, 4000.0, 4000.041259765625, 0.5642331838607788, 4146.0849609375
168.5, 4000.0, 4000.217041015625, 0.5642344951629639, 4146.0849609375
168.75, 4000.0, 3999.511474609375, 0.5642358064651489, 4146.0849609375
169.0, 4000.0, 4000.038330078125, 0.564237117767334, 4146.0849609375
169.25, 4000.0, 4000.5927734375, 0.564238429069519, 4146.0849609375
169.5, 4000.0, 3999.3017578125, 0.5642397403717041, 4146.0849609375
169.75, 4000.0, 4000.26220703125, 0.5642410516738892, 4146.0849609375
170.0, 3200.0, 3300.813232421875, 0.5642427206039429, 4146.0849609375
170.25, 3200.0, 3172.125, 0.5642457604408264, 4146.0849609375
170.5, 3200.0, 3174.998291015625, 0.5642493367195129, 4146.0849609375
170.75, 3200.0, 3182.950439453125, 0.5642531514167786, 4146.0849609375
171.0, 3200.0, 3194.80419921875, 0.5642572045326233, 4146.0849609375
171.25, 3200.0, 3194.168701171875, 0.5642611384391785, 4146.0849609375
171.5, 3200.0, 3197.071533203125, 0.564265251159668, 4146.0849609375
171.75, 3200.0, 3201.837158203125, 0.5642693638801575, 4146.0849609375
172.0, 3200.0, 3196.56494140625, 0.5642733573913574, 4146.0849609375
172.25, 3200.0, 3199.744384765625, 0.5642772912979126, 4146.0849609375
172.5, 3200.0, 3199.287109375, 0.5642814040184021, 4146.0849609375
172.75, 3200.0, 3202.324462890625, 0.5642854571342468, 4146.0849609375
173.0, 3200.0, 3198.091796875, 0.5642895698547363, 4146.0849609375
173.25, 3200.0, 3198.046630859375, 0.564293622970581, 4146.0849609375
173.5, 3200.0, 3198.703125, 0.5642977356910706, 4146.0849609375
173.75, 3200.0, 3198.562744140625, 0.5643017888069153, 4146.0849609375
174.0, 3200.0, 3201.091796875, 0.56430584192276, 4146.0849609375
174.25, 3200.0, 3201.27685546875, 0.5643098950386047, 4146.0849609375
174.5, 1400.0, 2969.371826171875, 0.5643140077590942, 4146.0849609375
174.75, 1400.0, 2056.992431640625, 0.564318835735321, 4146.0849609375
175.0, 1400.0, 1800.4385986328125, 0.5643250346183777, 4146.0849609375
175.25, 1400.0, 1640.3624267578125, 0.5643321871757507, 4146.0849609375
175.5, 1400.0, 1549.168701171875, 0.5643394589424133, 4146.0849609375
175.75, 1400.0, 1482.13818359375, 0.5643473267555237, 4146.0849609375
176.0, 1400.0, 1452.3670654296875, 0.5643548369407654, 4146.0849609375
176.25, 1400.0, 1431.157958984375, 0.5643628239631653, 4146.0849609375
176.5, 1400.0, 1418.9300537109375, 0.5643709897994995, 4146.0849609375
176.75, 1400.0, 1410.055419921875, 0.564379096031189, 4146.0849609375
177.0, 1400.0, 1406.4029541015625, 0.5643872618675232, 4146.0849609375
177.25, 1400.0, 1403.30419921875, 0.5643954277038574, 4146.0849609375
177.5, 1400.0, 1401.6661376953125, 0.5644037127494812, 4146.0849609375
177.75, 1400.0, 1399.9302978515625, 0.5644119381904602, 4146.0849609375
178.0, 1400.0, 1400.6287841796875, 0.5644201040267944, 4146.0849609375
178.25, 1400.0, 1399.77734375, 0.5644283294677734, 4146.0849609375
178.5, 1400.0, 1399.546630859375, 0.5644365549087524, 4146.0849609375
178.75, 1400.0, 1400.8675537109375, 0.5644447803497314, 4146.0849609375
179.0, 1400.0, 1400.3553466796875, 0.5644525289535522, 4146.0849609375
179.25, 5600.0, 1815.3192138671875, 0.5644603371620178, 4146.0849609375
179.5, 5600.0, 4348.7216796875, 0.5644657015800476, 4146.0849609375
179.75, 5600.0, 5107.69677734375, 0.5644668340682983, 4146.0849609375
180.0, 5600.0, 5388.53125, 0.5644661784172058, 4146.0849609375
180.25, 5600.0, 5495.9140625, 0.5644646286964417, 4146.0849609375